according ,-83.89,-89.49,-83.24,T
both opera,-92.24,-100.8,-117.79,P
combined a,-75.63,-78.39,-71.3,T
operating ,-85.12,-75.99,-87.06,N
skf april ,-152.56,-162.06,-155.56,P
ge buildin,-90.31,-88.65,-83.76,T
operating ,-107.06,-105.4,-123.32,N
network te,-146.89,-151.87,-133.45,T
dealers sh,-223.76,-210.78,-242.37,N
stockholm ,-110.53,-112.83,-106.2,T
cencorp fo,-84.41,-87.02,-77.68,T
pge belcha,-259.67,-256.65,-243.13,T
segment an,-54.66,-57.49,-49.75,T
result sta,-98.32,-97.58,-92.31,T
deliveries,-59.88,-65.86,-58.76,T
lember mat,-142.99,-137.06,-137.2,N
cet monday,-128.31,-129.87,-132.22,P
time neutr,-18.24,-19.41,-17.87,T
power gene,-84.32,-85.57,-77.74,T
finlan s l,-142.39,-148.73,-155.22,P
addition e,-124.22,-126.17,-117.8,T
eps quarte,-123.07,-125.72,-153.28,P
sales sepp,-48.68,-47.31,-51.2,N
october fi,-180.06,-184.73,-209.41,P
pleased ef,-100.25,-111.91,-107.76,P
talvik rel,-136.48,-138.15,-129.26,T
net sales ,-67.04,-69.21,-73.77,P
treatment ,-200.39,-208.57,-183.19,T
company de,-195.48,-196.02,-177.66,T
market sha,-54.23,-56.59,-60.71,P
total capi,-83.08,-77.61,-79.24,N
eb tough v,-148.18,-146.55,-140.62,T
market sha,-65.87,-69.85,-64.83,T
addition s,-171.57,-179.39,-161.71,T
operating ,-44.65,-49.22,-56.53,P
tool paten,-166.31,-163.99,-152.12,T
czech repu,-173.77,-174.44,-167.46,T
sponda pro,-96.16,-100.97,-89.48,T
dinner con,-102.47,-101.2,-91.09,T
amer sport,-147.44,-145.86,-134.48,T
refining m,-69.25,-70.54,-79.51,P
designed p,-140.5,-139.54,-133.39,T
export dec,-46.73,-47.35,-50.67,P
authorisat,-158.6,-156.11,-140.59,T
according ,-139.1,-140.8,-127.75,T
original p,-61.1,-63.03,-55.34,T
cargo volu,-33.22,-36.22,-36.81,P
interchang,-105.55,-107.23,-100.94,T
estonian e,-105.19,-100.24,-103.01,N
adpnews de,-200.12,-195.11,-200.28,N
harold w y,-205.94,-205.49,-198.29,T
maximum nu,-56.18,-57.31,-50.24,T
donations ,-154.17,-151.54,-143.6,T
store loca,-90.71,-88.17,-81.71,T
decision f,-106.11,-105.89,-100.51,T
finland s ,-131.97,-137.76,-140.75,P
joins tech,-158.86,-167.73,-147.2,T
net sales ,-81.28,-89.72,-91.4,P
lowering p,-142.83,-149.5,-145.94,P
company eq,-127.35,-125.52,-121.45,T
company in,-140.58,-142.69,-131.45,T
lemminkain,-99.86,-103.13,-93.17,T
solution i,-75.96,-79.85,-72.13,T
include so,-149.2,-153.63,-132.65,T
marimekko ,-60.33,-66.49,-64.1,P
selling co,-170.01,-169.55,-153.69,T
june sold ,-135.3,-138.76,-123.48,T
agreement ,-79.22,-79.78,-75.3,T
second qua,-73.18,-79.74,-85.35,P
acquisitio,-70.22,-78.78,-71.4,P
hearst con,-67,-71.33,-68.57,P
tallink si,-221.24,-208.36,-227.79,N
thanks mul,-134.45,-143.78,-138.1,P
earnings p,-85.67,-92.33,-102.68,P
changes ta,-74.64,-75.87,-70.04,T
basware in,-180.93,-189.91,-168.22,T
group s re,-78.27,-80.68,-77.79,T
innova bui,-180.1,-178.83,-168.57,T
chs expo f,-165.97,-164.39,-153.16,T
therefore ,-108.97,-117.7,-114.62,P
digia cons,-79.35,-84.07,-92.56,P
number mag,-64.41,-63.56,-59.73,T
group orde,-46.13,-49.66,-48.81,P
commission,-96.6,-101.6,-106.65,P
another fi,-70.99,-72.03,-68.7,T
facility u,-81.62,-85.79,-73.77,T
qpr proces,-160.71,-162.2,-146.83,T
having chi,-154.41,-168.65,-159.02,P
metal gain,-85.21,-97.53,-97.04,P
kiosk cine,-55.52,-51.93,-55.85,N
ih move en,-42.47,-45.43,-46.59,P
finnish in,-185.16,-187.07,-169.05,T
budapest a,-237.35,-225.16,-234.72,N
one larges,-129.36,-132.9,-121.74,T
expenditur,-222.44,-224.66,-214.45,T
respondent,-80.63,-85.07,-87.27,P
measures r,-58.57,-56.37,-62.57,N
rapala fis,-36.99,-38.92,-36.39,T
ground bar,-82.05,-80.06,-73.17,T
company s ,-81.91,-80.14,-78.92,T
demand spo,-39.88,-44.4,-43.72,P
finnish pr,-140.73,-145.73,-140.7,T
dividend g,-46.28,-47.44,-44.04,T
price spec,-46.97,-46.75,-42.1,T
transactio,-73.3,-73.28,-66.02,T
according ,-91.12,-97.58,-95.97,P
ecommerce ,-116.85,-120.51,-113.22,T
mr clausen,-100.46,-98.71,-92.46,T
figure inc,-50.32,-51.52,-47.12,T
elcoteq ex,-68.5,-67.37,-73.7,N
financial ,-46.44,-45.94,-40.03,T
seats go e,-159.51,-160.19,-152.35,T
adp news j,-181.07,-183.89,-180.97,T
lule munic,-138.28,-147.23,-141.09,P
much bette,-126.17,-131.74,-127.35,P
finnish si,-160.26,-163.88,-179.18,P
swedish bu,-112.42,-117.41,-105.78,T
share subs,-72.75,-71.04,-65.94,T
market sha,-96.16,-88.94,-95.16,N
validating,-108.68,-120.02,-120.24,P
tecnomen h,-119.7,-125.55,-110.3,T
company gi,-55.57,-59.84,-55.11,T
acquisitio,-219.13,-228.3,-206.3,T
contract v,-43.01,-44.47,-41.56,T
aspo inves,-70.92,-73.23,-68.66,T
retail cha,-224.13,-228.06,-215.9,T
oxyview pu,-123.42,-118.64,-117.29,T
costanza l,-124.12,-121.12,-117.58,T
duration c,-33.29,-34.54,-33.5,P
project x ,-104.38,-106,-96.48,T
assa abloy,-157.29,-162.06,-158.44,P
sanoma lea,-107.05,-108.04,-101.4,T
new locati,-95.59,-99.52,-88.83,T
via move c,-95.64,-107.59,-101.43,P
adp news f,-181.09,-193.45,-201.47,P
according ,-110.11,-109.55,-98.36,T
eps contin,-48.67,-52.61,-56.36,P
september ,-135.78,-137.36,-136.88,P
purchase p,-35.6,-37.54,-31.68,T
mall part ,-183.84,-189.95,-171.15,T
metsaliitt,-123.17,-122.12,-111.45,T
rushydro a,-109.24,-110.81,-104.23,T
group s ne,-71.36,-72.8,-71.62,P
altona sta,-130.24,-132.02,-123.99,T
contract c,-103.72,-109.43,-97.58,T
fortum int,-97.35,-98.34,-93,T
founded bi,-94.4,-91.7,-90.61,T
efore deci,-85.45,-87.07,-79.87,T
finnish ra,-102.18,-111.11,-109.63,P
changes be,-83.71,-85.46,-80.49,T
joined rau,-105.11,-115.42,-100.94,T
re delight,-124.94,-134.45,-136.3,P
implementa,-72.48,-69.7,-74.41,N
liquid han,-176.31,-180.91,-161.35,T
pharmaceut,-141.24,-139.2,-127.33,T
part plan ,-188.28,-191.1,-162.61,T
honkaraken,-202.02,-205.14,-190.17,T
consolidat,-68.99,-63.77,-78.39,N
operating ,-61.38,-59.67,-78.52,N
deal worth,-34.58,-36.77,-36.05,P
aldata sol,-226.48,-229.74,-206.08,T
ollipekka ,-65.8,-65.17,-57.53,T
sampo bank,-73.33,-68.84,-71.33,N
exports gr,-43.15,-49.14,-51.37,P
share sale,-77.93,-81.46,-78.42,P
metso glob,-128.38,-140.33,-125.77,T
one price ,-106.8,-115.05,-99.15,T
ahlstrom c,-143.11,-143.83,-127.74,T
proportion,-74.95,-81.1,-86.78,P
machinery ,-113.85,-120.65,-108.31,T
diluted ea,-56.46,-62.9,-72.13,P
operating ,-34.91,-39.18,-43.02,P
operating ,-53.08,-49.87,-55.28,N
rivals qua,-99.22,-91.31,-103.06,N
provides w,-106.86,-106.13,-97.5,T
australian,-132.68,-147.6,-144,P
separating,-85.19,-92.1,-87.88,P
emsa deput,-167.18,-157.68,-165.18,N
capman fou,-156.7,-162.61,-136.86,T
earnings p,-48.96,-54.38,-62.04,P
finnish co,-162.37,-174.73,-164.14,P
businesses,-116.83,-118.64,-113.29,T
ebit exclu,-54.53,-55.58,-63.28,P
value deal,-35.96,-36.84,-30.13,T
currently ,-143.29,-141.01,-129.79,T
operating ,-67.68,-64.89,-89.39,N
pharmaceut,-123.54,-132.47,-109.33,T
lifetree f,-74.7,-80.99,-79.98,P
return cap,-58.75,-59.87,-63.16,P
arvo vuore,-148.2,-161.1,-151.92,P
return inv,-32.69,-31.81,-34.26,N
strong gro,-39.57,-45.83,-44.87,P
kaleva kus,-111.46,-110.33,-97.95,T
tweeple ch,-81.38,-80.99,-77.47,T
tekla stru,-88.31,-91.29,-81.51,T
q company ,-81.22,-78.15,-96.45,N
internatio,-108.64,-104.59,-97.24,T
finnish el,-184.4,-202.45,-193.46,P
vaisala ex,-67.85,-69.49,-76.64,P
finnish ra,-101,-112.09,-110.79,P
each optio,-148.36,-149.19,-136.52,T
finnish co,-102.48,-110.57,-105.39,P
aforementi,-230.99,-230.11,-200.06,T
performanc,-49.08,-50.04,-54.16,P
finnishswe,-58.82,-63.15,-60.01,P
company ow,-176.78,-180.53,-160.04,T
sale final,-48.23,-48.1,-44.68,T
uponor imp,-66.09,-69.81,-72.59,P
beginning ,-109.04,-109.8,-99.81,T
announceme,-188.2,-170.58,-187.64,N
company we,-48.77,-52.94,-49.02,P
see change,-57.22,-59.79,-54.52,T
according ,-218.72,-217.24,-207.8,T
closing su,-60.35,-63.03,-56.3,T
finnish ne,-177.25,-174.46,-163.94,T
c expo sig,-156.51,-158.74,-149.59,T
appointmen,-127.49,-139.41,-127.1,T
company op,-51.01,-52.94,-48.49,T
dragonfly ,-100.51,-101.31,-90.64,T
group stro,-55.41,-63.51,-58.21,P
olvi contr,-191.22,-202.97,-206.1,P
net profit,-44.04,-45.56,-51.6,P
company s ,-90.67,-100.82,-103.79,P
foodservic,-117.18,-121.85,-106.37,T
following ,-69.44,-69.12,-61.46,T
total inve,-63.38,-65.75,-59.73,T
responsibl,-50.81,-54.01,-47.59,T
objective ,-82.49,-91.7,-85.9,P
curators d,-57.06,-55.96,-53.97,T
operating ,-56.35,-57.55,-70.78,P
credit nov,-157.64,-170.65,-163.51,P
group s ne,-39.44,-41.9,-42.7,P
quick ones,-44.6,-44.42,-42.38,T
diesel mar,-44.15,-44.4,-46.25,P
net sales ,-48.66,-45.9,-51.55,N
okmetic re,-66.08,-68.6,-63.61,T
production,-42.77,-45.24,-45.9,P
finnish in,-84.64,-86.22,-86.7,P
cramo plc ,-135.59,-148.99,-125.1,T
operating ,-83.29,-77.59,-99.71,N
beijing xf,-220.27,-240.89,-232.39,P
registrati,-110.67,-110.98,-93.1,T
revenues s,-56.2,-63.82,-63.61,P
company op,-68.66,-68.58,-57.82,T
tecnomen s,-205.32,-220.89,-187.62,T
finnish bo,-105.65,-110.42,-108.78,P
product ma,-51.65,-53.12,-49.35,T
mill long ,-68.15,-75.07,-66.16,T
nokia siem,-152.08,-169.92,-140.21,T
revenues b,-46.69,-50.79,-47.53,P
site cover,-54.14,-55.96,-49.14,T
consumers ,-67.8,-72.99,-67.33,T
under finn,-98.92,-96.85,-89.82,T
acquisitio,-75.25,-82.89,-76.24,P
arrangemen,-62.58,-63.41,-58.45,T
tekla orga,-164.73,-156.1,-149.1,T
pharmaceut,-138.47,-139.2,-125.42,T
tekla stru,-69.77,-69.86,-64.79,T
huhtamaki ,-123.93,-126.84,-114.66,T
addon orde,-142.9,-146.67,-132.79,T
samsung cu,-107.92,-103.09,-109.59,N
new deal s,-110.2,-122.32,-114.91,P
nordea see,-66.86,-68.49,-67.74,P
company sa,-94.37,-94.95,-101.91,P
neverthele,-59.61,-67.18,-69,P
now taking,-69.14,-72.59,-67.64,T
costs new ,-78.02,-77.16,-79.57,N
union comp,-59.49,-60.07,-57.03,T
moment app,-59.39,-60.56,-54.94,T
fi develop,-61.67,-65.17,-66.07,P
lt s net p,-70.23,-65.72,-74.54,N
cramo s ma,-216.7,-222.97,-203.2,T
stora enso,-66.55,-68.39,-78.12,P
exercise p,-109.54,-113.73,-102.77,T
yit corpor,-209.76,-216.54,-194.57,T
rimi super,-65.8,-65.86,-60.97,T
viking lin,-58.05,-64.47,-60.14,P
company de,-106.58,-108.89,-99.73,T
raffles eq,-124,-121.6,-114.12,T
helsinkiba,-159.96,-170.34,-177.1,P
growth rat,-71.5,-69.18,-73.9,N
employee n,-97.38,-95.38,-89.76,T
board dire,-70.16,-70.64,-61.9,T
nordstjern,-94.59,-95.91,-82.42,T
firm build,-67.65,-68.78,-62.64,T
jeder beta,-201.85,-194.8,-196.83,N
company de,-101.84,-106.18,-92.74,T
company cu,-252.56,-256.87,-227.64,T
elcoteq gl,-119.07,-126.84,-114.16,T
insolvency,-87.59,-82.89,-81.81,T
comes comp,-137.79,-135.8,-127.41,T
soapstone ,-95.95,-105.84,-101.49,P
delighted ,-111.37,-119.62,-116.4,P
meeting gl,-73.16,-70.79,-65.54,T
earnings p,-53.16,-51.98,-62.73,N
loss taxes,-56.39,-53.08,-69.9,N
abn now re,-85.18,-84.93,-76.89,T
baltic sta,-119.35,-107.53,-129.84,N
sanoma mag,-52.02,-55.11,-54.31,P
operating ,-40.49,-44.58,-49.79,P
periodend ,-88.82,-84.86,-99.76,N
south afri,-159.95,-174.29,-160.47,P
profit per,-59.89,-61.56,-76.52,P
move trigg,-83.68,-81.92,-88.02,N
byline tim,-147.79,-149.5,-143.44,T
new produc,-141.2,-162.29,-147.39,P
port facil,-78.03,-79.35,-74.63,T
ev devices,-47.89,-48.13,-44.84,T
purchase m,-47.49,-48.13,-46.19,T
external n,-228.85,-212.15,-223.35,N
deliveries,-66.69,-72.09,-64.69,T
filter tip,-116.62,-115.42,-106.61,T
following ,-78.24,-82.24,-70.14,T
operating ,-90.23,-82.7,-103.64,N
net sales ,-61.55,-66.63,-72.55,P
nokia shar,-123.95,-116.7,-120.24,N
revenue qu,-67.3,-66.08,-77.89,N
technopoli,-163.65,-178.86,-173.12,P
operating ,-46.59,-41.7,-53.41,N
proportion,-50.27,-56.25,-54.93,P
sections p,-166.35,-172.1,-155.51,T
company s ,-187.72,-189.19,-179.03,T
train expe,-90.36,-90.31,-87.99,T
yesterday ,-84.18,-86.31,-79.6,T
telenor th,-162.17,-170.59,-168.65,P
finnish fo,-107.17,-102.68,-111.86,N
third quar,-63.96,-65.14,-80.42,P
company di,-33.42,-35.21,-31.71,T
helsinki a,-145.62,-147.87,-137.82,T
tests cond,-253.49,-257.47,-238.3,T
currently ,-114.73,-115.62,-109.81,T
pretax los,-69.39,-66.75,-88.9,N
business u,-156.79,-158.62,-146.93,T
elcoteq gr,-161.5,-157.17,-168.75,N
company ex,-65.19,-66.8,-61.28,T
upon compl,-76.07,-77.49,-72.32,T
aspo serve,-55.6,-56.25,-52.06,T
destia oy ,-159.84,-161.44,-149.16,T
company s ,-128.51,-136.77,-117.85,T
finnish sc,-155.01,-150.22,-166.33,N
gunneflo r,-73.2,-76.89,-67.95,T
gypsii mob,-112.97,-119.04,-107.65,T
citigroup ,-138.91,-156.45,-138.38,T
estimated ,-44.98,-47.32,-42.83,T
combined v,-51.57,-53.11,-51.23,T
indexes in,-71.74,-74.38,-65.94,T
device off,-114.9,-114.21,-107.12,T
government,-107.25,-112.04,-98.96,T
foundries ,-133.12,-140.36,-165.71,P
currently ,-51.53,-53.76,-46.36,T
konecranes,-90.94,-85.12,-94.5,N
cameco typ,-100.77,-101.18,-99.52,T
alma media,-68.18,-70.19,-68.23,P
jun boy ge,-108.59,-109.43,-100.2,T
september ,-169.02,-180.52,-197.47,P
parties ag,-74.27,-78.46,-67.02,T
finnish sh,-114.29,-108.45,-129.73,N
thanks wid,-189.56,-208.78,-193.75,P
okmetic s ,-137.15,-145.82,-133.5,T
analyzed k,-136.27,-148.09,-141.91,P
enp newswi,-200.4,-205.65,-179.86,T
tieto offe,-153.36,-171.29,-159.08,P
effect rem,-37.62,-36.44,-35.53,T
ahms offer,-141.42,-149.48,-133.88,T
operating ,-59.27,-58.02,-78.63,N
group inte,-167.41,-170.56,-150.09,T
operating ,-49.39,-50.5,-60,P
result com,-76.62,-80.74,-83.44,P
sampo grou,-126.41,-128.64,-118.08,T
parties th,-71.43,-72.3,-67.18,T
nokia mult,-75.34,-80.24,-85.51,P
lights out,-134.98,-133.84,-131.62,T
tele affar,-119.03,-129.08,-124.08,P
demand see,-75.42,-78.75,-84.68,P
separately,-213.23,-233.02,-215.33,P
production,-51.62,-51.68,-44.81,T
according ,-121.24,-121.6,-116.2,T
company s ,-73.81,-77.12,-86.71,P
market sha,-71.17,-71.95,-76.56,P
first four,-148.52,-151.55,-140.54,T
price talk,-89.68,-90.31,-85.28,T
value deal,-35.96,-36.84,-30.13,T
solution e,-95.93,-97.58,-90.37,T
company bo,-69.38,-73.7,-67.13,T
operating ,-55.54,-53.54,-70.74,N
succeeded ,-126.19,-135.61,-128.93,P
according ,-83.62,-95.53,-88.72,P
steek set ,-70.63,-73.06,-67.18,T
fair value,-51.45,-51.77,-48.91,T
pharmaceut,-156.01,-157.62,-142.67,T
another no,-110.67,-111.91,-105.51,T
evidentiar,-56.66,-55.96,-52.89,T
known post,-149.43,-158.5,-148.89,T
met locate,-73.86,-74.15,-67.34,T
trading un,-201.68,-204.91,-189.36,T
new kroksb,-168.8,-170.97,-158.7,T
stora enso,-170.61,-180.11,-174.31,P
share subs,-48.04,-48.13,-46.35,T
announced ,-117.98,-123.57,-121.04,P
via takeov,-150.8,-158.8,-147.96,T
portfolio ,-137.87,-142.25,-131.96,T
evraz grou,-219.4,-218.8,-208.58,T
two thirds,-68.01,-71.43,-68.44,P
januarysep,-84.83,-91.33,-103.39,P
eurochem c,-154.25,-166.48,-166.53,P
internal r,-142.08,-145.91,-138.38,T
planned et,-112.4,-114.76,-102.35,T
finnish so,-154.41,-168.54,-158.41,P
rautaruukk,-135.86,-148.46,-135.97,P
metsabotni,-187.33,-184.37,-171.68,T
bluewin se,-56.37,-55.96,-50.54,T
latvia s s,-83.79,-88.31,-79.82,T
tikkurila ,-111.39,-112.76,-107.78,T
total valu,-40.64,-41.13,-39.88,T
finnish po,-166.95,-168.19,-186.37,P
corporate ,-178.35,-186.94,-186.69,P
neste oil ,-228.8,-245.76,-239.56,P
operating ,-53.12,-56.59,-70.56,P
favourable,-84.27,-91.36,-96.13,P
revenue ju,-79.27,-86.71,-88.73,P
thanks ext,-173.13,-181.54,-160.79,T
inaugural ,-95.28,-94.96,-90.6,T
financing ,-51.77,-54.86,-49.36,T
operating ,-53.12,-56.59,-70.56,P
competitio,-63.75,-61.77,-58.12,T
release oc,-142.25,-151.04,-134.67,T
value deal,-59.98,-60.92,-54.84,T
niina neno,-117.63,-122.25,-112.94,T
terms acqu,-35.96,-36.84,-32.4,T
capman par,-156.8,-176.41,-158.19,P
finnish so,-190.19,-206.36,-202.85,P
net sales ,-88.25,-91.21,-97.64,P
exercise o,-87.21,-86.67,-79.85,T
april finn,-160.15,-161.1,-182.51,P
elisa comm,-137.02,-144.95,-130.85,T
shares acq,-112.24,-109.51,-99.42,T
last year ,-90.96,-85.26,-90.19,N
finnair s ,-80.17,-74.58,-80.9,N
financial ,-35.77,-35.34,-31.33,T
group s ca,-52.62,-52.89,-52.51,T
necessary ,-42.85,-47,-44,P
sales bill,-171.64,-171.06,-165.35,T
industry a,-168.24,-175.72,-158.36,T
second var,-145.66,-151.06,-138.77,T
subjectmat,-93.99,-92.8,-90.31,T
gs enginee,-184.12,-184.2,-172.13,T
hayward ca,-119.69,-120.02,-113.34,T
raute list,-50.32,-50.3,-46.57,T
adp news f,-132.02,-138.85,-148.94,P
last week ,-182.44,-206.11,-189.04,P
annual val,-82.71,-87.83,-80.97,T
planned cl,-46.79,-47.44,-42.52,T
finnish co,-129.45,-123.34,-138.94,N
ea reng gr,-71.28,-70.88,-69.06,T
total head,-51.7,-49.47,-49.16,T
brokerage ,-135.91,-146.48,-148.26,P
now releva,-114.1,-115.56,-106,T
poyry glob,-109.44,-116.15,-104.84,T
finnish ma,-117.85,-115.62,-128.43,N
shortterm ,-54.98,-55.96,-53.1,T
finnish sp,-160.74,-169.83,-188.24,P
subsidiary,-88.56,-93.37,-83.57,T
report pro,-287.71,-292.59,-266.83,T
tekla stru,-109.01,-110.71,-98.83,T
result bef,-103.48,-93.65,-115.73,N
scania mor,-144.2,-153.18,-158.61,P
see slide ,-71.5,-74.38,-70.45,T
pharmaceut,-118.36,-113.37,-120.94,N
order cons,-95.57,-100.22,-89.62,T
india s tr,-108.39,-114.87,-110.18,P
upon estab,-64.56,-64.76,-58.27,T
margin cal,-125.33,-126.35,-117.86,T
prothious ,-108.32,-112.69,-103.11,T
eu commiss,-219.93,-209.82,-224.26,N
earnings p,-77.92,-83.4,-93.04,P
alexandria,-124.69,-119.48,-110.43,T
finnish ok,-225.3,-243.18,-236.12,P
finnish co,-151.99,-155.59,-153.55,P
rautaruukk,-138.47,-152.68,-145.45,P
alma media,-50.79,-49.71,-52.37,N
podcast se,-173.06,-174.43,-165.44,T
technology,-61.71,-66.27,-61.03,T
nonwovens ,-144.76,-144.76,-135.57,T
according ,-122.32,-129.07,-123.51,P
nordea s d,-123.69,-124.26,-114.77,T
adp news f,-135.07,-133.18,-148.34,N
fiskars wo,-128.43,-137.31,-134.4,P
finnish re,-130.05,-131.56,-141.7,P
nordea pan,-120.75,-123.84,-112.61,T
finlandbas,-93.84,-92.1,-92.49,N
adpnews de,-173.81,-170.04,-168.34,T
vaisala s ,-98.64,-97.81,-112.3,N
company ch,-98.49,-97.48,-88.98,T
s business,-82.37,-92.83,-75.38,T
russia s v,-97.63,-100.04,-88.02,T
expects re,-75.49,-77.53,-80.28,P
agreement ,-111.82,-127.33,-119.17,P
sunk depth,-75.53,-75.07,-72.39,T
operating ,-42.38,-45.67,-54.66,P
guidance s,-71.1,-71.67,-67.08,T
founded fi,-121.31,-123.57,-117.81,T
line run f,-99.99,-102.01,-94.01,T
operating ,-42.65,-43.73,-54.26,P
first phas,-40.81,-42.01,-39.03,T
company es,-96.84,-102,-102.72,P
rental bui,-59.56,-65.79,-61.12,P
finnair s ,-142.53,-133.48,-141.31,N
pa jpmorga,-129.42,-128.13,-118.84,T
meantime c,-98.61,-101.85,-96.69,T
manufactur,-84.23,-84.72,-79.79,T
kesko stor,-92.36,-92.89,-87.32,T
value orde,-36.04,-37.76,-36.48,P
sponda plc,-192.88,-191.47,-166.62,T
trading co,-112.64,-113.33,-102.29,T
oriolakd s,-83.87,-87.01,-82.36,T
group s tu,-55.73,-57.97,-61.36,P
omx market,-167.53,-170.1,-153.19,T
developmen,-43.87,-47.44,-39.79,T
adp news a,-167.07,-164.18,-183.7,N
penttil s ,-67.7,-70.68,-63.89,T
section re,-129.82,-134.09,-141.75,P
according ,-115.69,-117.54,-108.72,T
sales vat ,-59.16,-62.51,-63.02,P
shares nok,-123.41,-138.53,-136.41,P
raute repo,-90.8,-89.52,-107.56,N
operates u,-107.58,-105.28,-97.56,T
technopoli,-103.29,-101.09,-95.97,T
reasons be,-165.92,-167.91,-156.56,T
popular mo,-100.17,-106.54,-91.14,T
loss perio,-55.67,-53.31,-72.07,N
seem enoug,-57.47,-56.65,-54.85,T
lean syste,-84.49,-88.81,-85.44,P
middle eas,-84,-91.29,-88.07,P
company em,-51.06,-53.63,-47.13,T
sales unit,-106.48,-100.74,-109.88,N
thus group,-80.1,-81.87,-76.79,T
finnish bu,-159.43,-166.48,-151.15,T
stockmann ,-68.83,-70.33,-70.83,P
shuweihat ,-86.86,-91.29,-85.07,T
reorganisa,-206.83,-216.44,-194.34,T
department,-61.02,-60.63,-65.43,N
quarterly ,-84.7,-89.07,-102.1,P
invention ,-114.25,-111.22,-104.46,T
barclays p,-120.65,-121.12,-116.63,T
january fi,-155.67,-166.3,-176.29,P
lemminkain,-141.34,-143.46,-131.97,T
based nego,-80.1,-80,-73.69,T
correspond,-89.06,-93.86,-90.14,P
traditiona,-58.86,-57.34,-56.31,T
brokers ra,-47.33,-46.75,-44.9,T
contract t,-62.34,-63.99,-61.98,T
ms laakso ,-101.3,-104.88,-95.37,T
company op,-112.07,-116.46,-106.79,T
buyer real,-112.53,-114.36,-98.62,T
finnish me,-119.04,-130.51,-127.9,P
two previo,-87.03,-88.37,-80.1,T
incap cont,-184.99,-193.43,-169.34,T
new arrang,-70.08,-72.99,-66.24,T
sanoma mag,-93.92,-95.13,-82.47,T
utah s cap,-97.87,-101.21,-93.19,T
chilled me,-109.14,-108.61,-101.43,T
increase n,-92.08,-99.27,-96.88,P
end march ,-74.9,-80.42,-82.81,P
s exactly ,-165.11,-162.08,-161.3,T
composite ,-115.64,-111.22,-107.2,T
acquisitio,-50.4,-55.55,-48.76,T
cencorp s ,-86.73,-87.1,-98.58,P
finnish el,-112.95,-106.18,-124.15,N
license ag,-67.28,-70.91,-62.72,T
printed fa,-99.56,-106.31,-95.43,T
company de,-123.97,-126.71,-115.89,T
finnish ca,-93.09,-101.21,-99.87,P
parties ag,-52.88,-55.26,-46.97,T
vaisala s ,-108.15,-109.27,-100.38,T
managing d,-137.35,-140.79,-132.13,T
financial ,-150.92,-162.84,-157.9,P
technology,-81.57,-82.2,-76.49,T
fourth qua,-167.26,-172.93,-195.46,P
according ,-134.31,-130.21,-140.15,N
brian burt,-63.6,-65.86,-61.08,T
sixyear hi,-56.08,-56.65,-49.6,T
nordic wal,-90.26,-89.16,-80.94,T
long unpro,-140.5,-151.01,-150.8,P
terms disc,-29.02,-28.33,-25.3,T
profit per,-64.46,-58.84,-78.64,N
copying re,-171.82,-172.39,-158.86,T
frost sold,-87.25,-87.47,-90.28,P
city invit,-191.64,-193.41,-178.76,T
total inve,-53.22,-55.06,-50.33,T
s neutral ,-15.43,-16.52,-14.84,T
basware ei,-88.47,-89.49,-85.82,T
strengthen,-44.62,-50.65,-45.88,P
finnish fo,-149.47,-145.86,-140.66,T
latin amer,-170.05,-177.29,-165,T
metso foun,-81.2,-85.38,-77.42,T
operating ,-83.3,-75.58,-98.88,N
rewards pa,-141.34,-144.43,-132.19,T
cvs propos,-102.88,-97.33,-92.29,T
under plan,-195.56,-192.63,-174.98,T
more tonne,-61.2,-62.4,-56.38,T
objective ,-45,-45.74,-42.3,T
transactio,-61.77,-63.22,-57.14,T
okmetic gl,-107.49,-114.57,-102.62,T
operating ,-55.18,-60.12,-69.24,P
sdm offers,-120.75,-124.26,-113.98,T
russia uti,-97.96,-100.91,-95.71,T
both opera,-96.6,-105.77,-123.63,P
value firm,-68.99,-75.86,-70.95,P
total valu,-137.29,-144.59,-136.17,T
boomerang ,-72.76,-72.96,-81.56,P
wireless i,-71.33,-71.96,-67.83,T
honored ac,-69.76,-72.47,-72.66,P
customer c,-54.83,-55.96,-54.13,T
third quar,-99.64,-100.4,-124.69,P
example ne,-89.47,-91.19,-105.42,P
company re,-70.12,-69.6,-74.6,N
constructi,-60.47,-62.4,-55.47,T
company s ,-146.9,-155.81,-156.14,P
omx helsin,-100.36,-87.17,-99.75,N
srv lowere,-88.68,-81.35,-90.46,N
erkki jarv,-153.87,-156.1,-144.68,T
order foll,-66.5,-70.88,-66.3,T
srv build ,-103.06,-101.31,-97.23,T
negotiatio,-100.8,-100.4,-90.18,T
inge larse,-68.13,-67.33,-63.86,T
nviro oper,-80.96,-84.28,-76.45,T
more staff,-113.66,-122.3,-111.91,T
transactio,-109.96,-118.48,-102.97,T
turun kaup,-111.4,-118.81,-111.03,T
financialw,-98.12,-100.22,-92.01,T
production,-99.82,-108.69,-99.16,T
company s ,-73.62,-73.6,-77.19,N
repayment ,-166.69,-164.34,-158.44,T
several la,-54.76,-50.09,-54.52,N
currently ,-141.5,-134.76,-156.71,N
rebuilds d,-66.89,-73.97,-70.55,P
bank forec,-53.1,-57.53,-53.73,P
tools spec,-95.78,-101.09,-95.01,T
current po,-44.89,-47.44,-43.56,T
finnish ou,-73.94,-84.58,-79.12,P
ebitda yea,-50.33,-53.39,-59.08,P
marubeni g,-214.94,-221.61,-205.9,T
tielinja g,-55.47,-56.4,-58.21,P
total amou,-89.09,-88.08,-82.94,T
march stor,-69.31,-67.68,-67.1,T
amending p,-102.02,-105.49,-103.51,P
spring tot,-64,-62.4,-55.65,T
orders rec,-44.75,-51.46,-53.5,P
investment,-110.67,-105.55,-97.36,T
outotec s ,-149.02,-154.8,-140.76,T
passenger ,-52.87,-53.47,-52.2,T
customer f,-69.85,-69.82,-66.7,T
total valu,-41.22,-42.39,-39.24,T
end number,-60.91,-61.07,-53.17,T
joint vent,-147.6,-148.06,-137.86,T
enclosed a,-240.51,-245.77,-222.89,T
finnish co,-191.58,-202.29,-203.54,P
sale outok,-66.33,-70.52,-65.71,T
operating ,-67.6,-59.61,-76.65,N
ruukki s d,-149.99,-163.24,-166.7,P
offering p,-117.7,-120.11,-111.06,T
radiation ,-100.13,-98.77,-90.92,T
company me,-42.99,-42.63,-40.88,T
company es,-68.86,-72.34,-75.28,P
etteplan r,-44.29,-44.96,-46.2,P
shares sti,-78.91,-79.53,-71.13,T
both opera,-94.85,-103.4,-119.89,P
oka specia,-128.54,-134.28,-120.31,T
last posit,-95.4,-106.61,-91.91,T
completion,-78.37,-81.88,-73.58,T
mr mcdonal,-184.59,-182.01,-173.74,T
investors ,-94.12,-100.07,-97.35,P
eastern ti,-80.22,-81.1,-75.31,T
net sales ,-77.43,-73.56,-84.3,N
finnish fi,-125.49,-125.35,-138.52,N
cohen stee,-86.59,-85.75,-76.3,T
rapidly in,-94.82,-89.23,-99.17,N
stora enso,-73.22,-73.02,-70.69,T
company li,-47.59,-47.97,-42.54,T
implementa,-68.8,-68.93,-63.77,T
earnings p,-83.4,-87.61,-95,P
pharmaceut,-123.54,-132.47,-108.75,T
value orde,-33.82,-34.98,-35.24,P
following ,-63.82,-66.94,-57.54,T
company ai,-69.19,-74,-74.98,P
global spo,-196.59,-216.93,-212.05,P
new units ,-71.96,-77.39,-66.9,T
kirsi rant,-91.93,-93.64,-86.76,T
intent art,-133.92,-139.54,-125.9,T
purchase a,-174.31,-187.39,-181.73,P
group s sa,-84.46,-85.43,-93.18,P
group s op,-62.43,-58.45,-71.57,N
progress g,-144.47,-158.35,-157.37,P
industry c,-168.81,-174.18,-161.67,T
forecast n,-19.15,-19.81,-19.95,P
finland op,-157.87,-151.63,-151.98,N
componenta,-157.49,-160.21,-151.34,T
less ten p,-65.44,-63.78,-60.65,T
upm move l,-111.01,-105.44,-116.48,N
typical en,-218.76,-218.74,-205.99,T
net sales ,-37.21,-39.48,-42.43,P
new novato,-53.07,-53.76,-49.14,T
now leadin,-70.82,-77.33,-69.94,T
finnish au,-127.73,-121.08,-131.95,N
solid fuel,-74.43,-72.36,-72.67,N
new unit m,-64.21,-64.09,-57.63,T
cargo traf,-57.98,-55.58,-60.59,N
part trans,-110.33,-125.77,-117.06,P
april nest,-121.08,-118.23,-108.52,T
building h,-61.01,-64.07,-56.24,T
lieksaare ,-120.92,-123.01,-110.73,T
qpr produc,-90.07,-94.2,-87.08,T
enterprise,-68.75,-69.77,-64.12,T
rd loan ne,-29.43,-28.33,-26.95,T
transactio,-103.94,-107.26,-102.68,T
operating ,-78.82,-77.88,-81.96,N
hear lates,-107.01,-111.94,-101.33,T
operating ,-59.61,-62.15,-72.64,P
finnish gr,-67.19,-69.98,-72.1,P
corrected ,-49.28,-46.75,-46.63,T
according ,-196.22,-207.05,-185.62,T
finnish sa,-103.1,-103.52,-100.36,T
honkaraken,-113.2,-113.73,-104.62,T
according ,-120.27,-124.11,-114.64,T
record dat,-53.15,-55.15,-49.16,T
cargotec g,-109.52,-116.84,-114.81,P
company ag,-64.86,-69.05,-62.18,T
net sales ,-50.04,-47.43,-54.84,N
split comp,-66.98,-67.25,-59.94,T
delivery e,-60.08,-61.3,-56.22,T
operated n,-80.73,-87.83,-76.98,T
previously,-68.74,-68.43,-67.88,T
rosendal e,-103.06,-100.4,-93.24,T
number off,-48.46,-52.96,-46.15,T
purchase c,-84.25,-96.8,-86.24,P
glaston s ,-132.42,-138.32,-129.02,T
ionphase s,-91.5,-92.52,-84.17,T
customers ,-154.29,-157.4,-141.21,T
contract i,-134.24,-135.26,-124.3,T
yit capita,-114.56,-115.64,-102.42,T
release of,-72.89,-71.89,-66.86,T
talentum s,-56.18,-57.66,-58.32,P
pretax pro,-50.26,-54.21,-67.65,P
peigs beco,-92.05,-91.41,-86.56,T
offer cust,-66.74,-71.62,-64.04,T
company em,-58.99,-60.28,-61.63,P
sales rise,-40.31,-43.24,-41.01,P
building h,-75.6,-69.27,-77.43,N
finnish sh,-107.94,-104.08,-131.98,N
restrictio,-48.58,-48.13,-46.06,T
through no,-103.96,-106.9,-96.56,T
exports go,-45.69,-42.65,-44.93,N
salcomp s ,-145.01,-150.79,-131.38,T
capital st,-71.27,-70.57,-66.13,T
believe hk,-111.12,-109.89,-104.54,T
operating ,-115.7,-106.26,-135.71,N
six brewer,-111.63,-120.94,-129.58,P
grounds no,-109.19,-106.97,-98,T
finland s ,-171.38,-176.89,-165.28,T
rapala vmc,-108.05,-114.52,-101.3,T
bond matur,-91.18,-94.72,-83.88,T
rockwell c,-110.41,-114.39,-108.25,T
third orde,-102.57,-115.05,-115.15,P
ship unloa,-104.27,-102.7,-95.4,T
lnnen teht,-145.67,-149.65,-138.71,T
event foll,-143.71,-148.81,-135.12,T
teliasoner,-95.74,-103.33,-102.03,P
earnings p,-33.19,-34.5,-37.58,P
inspects c,-57.25,-57.34,-56.28,T
according ,-121.06,-122.5,-117.67,T
properties,-152.66,-151.6,-141.14,T
return inv,-55.9,-52.17,-58.89,N
key geogra,-90.12,-92.39,-85.08,T
alexandria,-142.74,-143.03,-130.84,T
both net s,-71.06,-77.38,-76.25,P
august lat,-133.26,-135.11,-123.03,T
according ,-83.37,-86.12,-81.69,T
fiscal yea,-92.62,-96.23,-93.98,P
over years,-70.69,-74.38,-67.31,T
transactio,-97.67,-102.93,-105.98,P
order incl,-177.2,-186.53,-164.87,T
koff s mar,-64.75,-67.06,-63.13,T
s even lit,-98.06,-100.06,-96.54,T
cramo serv,-127.11,-140.47,-118.51,T
ssh commun,-66.41,-65.66,-58.1,T
operating ,-43.95,-45.67,-55.36,P
closing tr,-60.42,-63.66,-55.25,T
down eur m,-147.72,-135.91,-159.05,N
combined f,-70.74,-73.68,-71.64,P
cocacola m,-75.85,-71.91,-80.59,N
sale healt,-113.58,-121.55,-108.89,T
contracts ,-78.87,-72.89,-75.75,N
reporting ,-66.72,-68.63,-60.2,T
helsinki t,-159.54,-165.71,-175.56,P
finnish pu,-121.58,-120.46,-116.47,T
neutral ,-10.96,-11.29,-10.56,T
fsecure de,-147.73,-156.4,-139.39,T
operating ,-78.42,-76.39,-95.68,N
fullyear n,-55.14,-60.82,-57.11,P
mobile com,-224.08,-244.06,-211.65,T
company eu,-153.38,-156.5,-146.86,T
acquisitio,-99.67,-112.87,-104.41,P
company di,-44.6,-44.42,-40.22,T
consolidat,-116.86,-120.45,-140.97,P
otherwise ,-46.79,-45.65,-41.68,T
last smart,-131.36,-132.4,-126.58,T
total numb,-113.09,-115.13,-103.49,T
ongoing pr,-182.11,-183.11,-167.78,T
topped con,-55.17,-59.37,-61.43,P
lithuanian,-151.73,-166.26,-169.28,P
operating ,-149.32,-155.57,-177.97,P
galeria po,-118.3,-119.25,-114.4,T
planned se,-93.71,-100.18,-86.32,T
company tu,-39.75,-40.41,-38.72,T
interestin,-67.33,-71.08,-64.74,T
omx helsin,-105.09,-91.04,-101.44,N
total inve,-49.11,-49.09,-44.37,T
purpose ac,-84.37,-90.37,-88.54,P
few employ,-85.05,-85.95,-76.79,T
number cla,-61.52,-60.15,-54.57,T
capman mad,-62.62,-62.05,-56.28,T
ahlstrom c,-172.41,-173.78,-144.48,T
capman plc,-173.45,-171.2,-154.2,T
global mar,-143.13,-152.09,-128.34,T
insurer ax,-106.66,-98.61,-107.51,N
reproducti,-45.61,-47.44,-43.17,T
alternativ,-104.14,-103.85,-96.96,T
looking fo,-84.05,-89.5,-90.06,P
company ex,-47.3,-51.68,-51.66,P
lemminkine,-82.67,-87.45,-99.19,P
alexandria,-119.47,-118.12,-109.59,T
kesko agro,-148.54,-157.88,-160.99,P
basware s ,-68.01,-76.56,-74.89,P
second qua,-75.78,-80.28,-91.49,P
small firm,-77.32,-69.18,-73.53,N
company ex,-55.63,-60.76,-51.1,T
each year ,-60.01,-61.24,-54.76,T
condition ,-126.4,-130.61,-118.99,T
end review,-91.91,-97.65,-101.5,P
operating ,-73.37,-64.97,-85.13,N
operators ,-114.02,-116,-105.04,T
teleste s ,-255.84,-263.49,-238.43,T
operating ,-65.73,-64.42,-75.23,N
finnish me,-139.57,-149.48,-164.92,P
company s ,-68.59,-74.35,-65.11,T
depending ,-77.16,-78.06,-70.45,T
finnish br,-178.83,-190.35,-207.25,P
affectogen,-84,-84.72,-80.05,T
stichting ,-86.37,-84.65,-78.44,T
profit tax,-38.96,-37.18,-44.47,N
planned fa,-159.49,-178.05,-161.89,P
important ,-72.64,-75.9,-69.09,T
purchase o,-98.12,-110.91,-98.21,P
following ,-95.29,-98.9,-89.56,T
uponor mad,-79.17,-82.6,-90.17,P
finnish ba,-92.82,-95.15,-113.24,P
dopplr dop,-56.29,-57.34,-53.2,T
order incl,-107.85,-110.52,-98.88,T
share capi,-85.36,-85.44,-74.85,T
operating ,-54.61,-58.07,-69.4,P
reported n,-44.64,-45.82,-46.86,P
equipment ,-101.37,-103.54,-98.45,T
abn amro c,-177.48,-182.1,-177.51,P
divested c,-84.72,-91.31,-77.05,T
new chairm,-106.48,-108.73,-98.03,T
company se,-208.51,-216.45,-190.19,T
significan,-154.67,-169.46,-158.14,P
ixonos fin,-69.72,-70.88,-68.12,T
cf pty ltd,-133.07,-131.1,-124.69,T
elisa corp,-66.31,-71.08,-62.11,T
fair value,-79.85,-81.73,-73.15,T
connectivi,-107,-109.31,-100.03,T
therefore ,-54.09,-53.03,-53.84,N
operating ,-87.06,-79.26,-101.88,N
capman six,-205.44,-213.43,-178.89,T
januarysep,-69.2,-73.93,-87.38,P
hu offer f,-70.04,-73.13,-68.82,T
major part,-151.12,-155.91,-136.83,T
company co,-94.59,-91.37,-107.94,N
upon compl,-76.02,-78.91,-67.99,T
event view,-58.16,-57.34,-51.64,T
eq bank fo,-95.2,-97.38,-107.59,P
diameter p,-93.65,-92.39,-87.79,T
company of,-160.7,-164.13,-154.6,T
pretax pro,-55.14,-49.85,-64.53,N
lemminkain,-158.97,-166.76,-143.89,T
incap corp,-176.92,-173.82,-159.18,T
sales volu,-102.12,-104.9,-104.89,P
price gmo ,-55.86,-52.87,-53.16,N
release co,-179.55,-192.44,-181.6,P
premature ,-63.75,-63.15,-60.96,T
danske ban,-64.56,-71.64,-63.68,T
high winds,-72.26,-71.78,-71.69,T
strongest ,-80.15,-90.09,-82.67,P
furthermor,-115.11,-111.4,-116.89,N
energy sec,-76.04,-77.3,-69.57,T
operating ,-86.45,-91.91,-112.72,P
aspocomp g,-88.56,-88.25,-80.23,T
finnish fo,-95.51,-101.05,-98.97,P
finnish si,-142.04,-146.37,-141.72,T
tests part,-208.68,-216.26,-197.29,T
third quar,-80.95,-84.81,-103.19,P
net sales ,-48.79,-46.27,-56.71,N
consequenc,-77.32,-75.76,-74.26,T
finnish fo,-178.94,-181.74,-177.8,T
potential ,-96.29,-103.39,-88.85,T
size exten,-86.4,-88.49,-82.94,T
thus metho,-86.5,-89.75,-89.13,P
new techno,-74.37,-80.82,-76.88,P
dismissed ,-101.49,-93.57,-97.49,N
shares sub,-138.85,-137.6,-117.69,T
rights res,-30.12,-29.71,-26.34,T
production,-102.46,-99.26,-104.32,N
executive ,-191.34,-197.43,-180.89,T
sales expe,-40.76,-46.03,-44.55,P
cash flow ,-83.59,-80.14,-96.26,N
dutch brok,-101.36,-112.49,-111.59,P
joint vent,-173.71,-188.95,-172.39,T
nokia worl,-171.82,-194.46,-178.99,P
altogether,-109.2,-106.94,-98.07,T
megafon s ,-146.11,-159.54,-153.74,P
air traffi,-43.73,-41.72,-42.23,N
net intere,-52.18,-55.58,-61.43,P
firm headq,-62.2,-61.42,-53.85,T
adjustment,-91.74,-92.8,-86.45,T
both repor,-82.76,-87.02,-80.5,T
investment,-58.93,-63.46,-59.41,P
two compan,-97.3,-105.84,-100.24,P
uponor mai,-46.39,-45.36,-46.53,N
according ,-138.82,-146.88,-144.2,P
finnish ba,-198.65,-200.13,-191.85,T
unbelievab,-199.75,-200.25,-192.74,T
company st,-134.58,-132.65,-122.14,T
works incl,-128.03,-127.15,-118.02,T
point sepa,-138.6,-136.52,-132.54,T
sales incr,-62.96,-68.1,-72.59,P
adpnews oc,-170.38,-167.9,-189.56,N
sales rose,-92.84,-102.23,-111.9,P
phones tar,-65.44,-68.73,-65.21,T
solution n,-72.47,-71.2,-65.46,T
addition c,-80.13,-82.2,-73.65,T
december f,-164.88,-181.91,-177.14,P
stockmann ,-155.66,-161.63,-142.3,T
westpac ba,-86.15,-86.23,-79.18,T
nordic ban,-209.09,-197.33,-208.81,N
pretax los,-57.45,-54.89,-74.55,N
finnish fi,-72.03,-76.48,-85.7,P
business a,-59.87,-64.83,-60.4,P
rautaruukk,-88.52,-91.39,-86.92,T
furthermor,-137.07,-140.32,-124.2,T
citigroup ,-120.87,-123.45,-114.45,T
ragutis co,-111.05,-120.63,-124.43,P
each year ,-228.95,-233.3,-218.38,T
marathon e,-67.88,-69.14,-62.79,T
january fi,-141.56,-153.94,-166.55,P
ruukki sig,-110.85,-123.22,-117.93,P
operating ,-76.6,-67.43,-89.6,N
veracel pr,-86.9,-84.28,-81.93,T
company re,-72.34,-71.47,-94.06,N
company s ,-117.59,-132.55,-112.71,T
according ,-225.96,-214.08,-224.62,N
firm s uk ,-75.57,-80.29,-72.38,T
kalnapilio,-162.3,-179.56,-186.58,P
net sales ,-32.62,-36.69,-35.75,P
finnish bu,-132.3,-135.38,-147.25,P
same time ,-100.73,-111.54,-106.63,P
very recom,-143.84,-154.78,-156.63,P
net sales ,-143.16,-130.22,-153.36,N
tyrvinen o,-63.65,-64.07,-62.77,T
alpina spo,-210.87,-208.94,-195.64,T
cargotec s,-171.57,-184.02,-167.15,T
company ex,-69.55,-64.03,-66.51,N
handelsban,-93.1,-96.41,-96.88,P
through ne,-243.42,-250.11,-234.32,T
salonen ad,-98.08,-93.92,-96.98,N
following ,-141.37,-141.07,-131.05,T
therefore ,-66.24,-65.86,-61.95,T
huge issue,-47.89,-48.13,-44.82,T
future pla,-89.52,-90.31,-81.94,T
operating ,-66.28,-64.46,-86.64,N
share issu,-186.47,-186.31,-167.97,T
finnair ca,-82.59,-75.85,-85.84,N
use valida,-146.5,-148.75,-138.98,T
elcoteq s ,-110.39,-123.23,-103.68,T
both opera,-97.53,-105.75,-118.53,P
bawag issu,-57.06,-56.65,-50.43,T
energy exe,-79.58,-75.98,-77.32,N
lt acquire,-99.68,-98.39,-90.21,T
finnish st,-161.92,-169.3,-190.54,P
return fli,-102.03,-99.24,-100.02,N
cash flow ,-64.38,-62.97,-66.11,N
operating ,-67.36,-67.27,-82.9,N
operating ,-49.18,-51.23,-60.47,P
fourth qua,-71.75,-76.3,-83.21,P
board dire,-77.28,-82.06,-72.56,T
choose gia,-123.96,-121.81,-118.54,T
eps grew e,-31.29,-34.82,-40.68,P
equipment ,-202.3,-200.02,-190.4,T
net cash o,-68.63,-66.47,-78.92,N
three year,-90.21,-97.1,-93.75,P
end march ,-60.83,-59.52,-60.73,N
brazilian ,-140.76,-152.47,-148.91,P
upm s deli,-116.83,-126.21,-130.95,P
adp news f,-152.06,-149.38,-167.5,N
thus group,-80.1,-81.87,-76.79,T
teollisuud,-250.27,-243.85,-235.65,T
value orde,-28.6,-30.59,-28.24,T
comparable,-84.92,-82.09,-101.37,N
net loss s,-43.53,-44.89,-51.49,P
according ,-130,-129.04,-121.56,T
eur q finn,-147.75,-156.42,-172.17,P
presentati,-76.02,-76.58,-69.41,T
central of,-192.13,-192.53,-179.76,T
kaupthing ,-85.4,-88.99,-85.62,P
fair value,-89.11,-93.15,-94.57,P
buildings ,-58.86,-57.34,-52.18,T
board dire,-128.15,-130.61,-119.6,T
copyright ,-109.72,-114.24,-106.11,T
group s re,-84.59,-86.31,-78.42,T
contracts ,-126.1,-128.35,-119.43,T
capman dea,-131.49,-133.65,-123.27,T
company s ,-86.9,-85.14,-77.31,T
finnish su,-224.21,-245.63,-230.47,P
huhtamaki ,-124.11,-116.81,-124,N
stora enso,-82.63,-77.06,-91.34,N
remaining ,-72.93,-71.08,-65.54,T
company ex,-54.64,-53.22,-58.86,N
company s ,-93.36,-89.17,-112.06,N
natural so,-104.96,-103.39,-100.8,T
industrial,-132.57,-121,-129.13,N
finlandbas,-64.97,-66.68,-63.15,T
catalysts ,-93.84,-94.18,-84.87,T
finland ci,-158.37,-148.22,-149.87,N
westpac is,-71.64,-71.74,-65.21,T
last year ,-118.86,-127,-129.97,P
reductions,-60.83,-59.28,-58.46,T
company ne,-80.22,-82.66,-77.4,T
eur mn net,-38.76,-40.23,-43.7,P
suominen c,-162.49,-177.94,-173.6,P
danske ban,-100.09,-110.5,-109.68,P
operating ,-42.38,-45.67,-54.66,P
elcoteq se,-135.46,-142.7,-132.56,T
contract c,-88.78,-93.83,-83.62,T
helsinki t,-130.27,-119.7,-126.37,N
omx helsin,-92.09,-89.54,-92.98,N
many comme,-123.61,-112.69,-121.72,N
pm omx hel,-97.85,-84.04,-95.74,N
tieto s se,-104.78,-107.23,-92.17,T
deliveries,-58.37,-61.07,-55.69,T
vaahto pul,-169.88,-185.01,-175.69,P
shares sha,-123.23,-124.44,-111.27,T
passengerr,-48.41,-52.48,-59.57,P
webcast fo,-70.86,-70.95,-63.75,T
operating ,-87.92,-87.69,-92.07,N
saunalahti,-41.44,-44.4,-39.78,T
board mach,-138.94,-140.23,-133.28,T
finnair be,-132.5,-117.76,-140.03,N
travel exp,-71.95,-72.05,-65.28,T
transactio,-70.73,-74.58,-77.43,P
loudeye co,-120.89,-124.57,-116.53,T
resting co,-71.97,-74.38,-72.24,P
based upon,-125.9,-139.69,-129.65,P
change opt,-109.63,-115.13,-111.68,P
total scho,-116.35,-116.4,-110.53,T
operating ,-45.49,-42.27,-54.26,N
hk ruokata,-91.83,-89.91,-83.75,T
net profit,-63.68,-66.61,-66.51,P
customers ,-280.51,-286.4,-261.87,T
adp news n,-177.25,-189.45,-190.41,P
operating ,-53.6,-48.14,-61.42,N
finnish sw,-75.99,-83.32,-77.9,P
finnish me,-153.35,-165.56,-158.41,P
operating ,-76.02,-74.3,-97.65,N
currency e,-75.39,-75.79,-80.51,P
share repu,-108.65,-106.34,-95.43,T
americas r,-107.75,-112.73,-105.79,T
total wond,-241.53,-240.26,-223.6,T
teleste se,-165.99,-181.01,-171.25,P
augustocto,-91.19,-91.53,-106.22,P
center off,-158.24,-161.13,-139.53,T
first phas,-119.87,-121.98,-112.06,T
need ready,-63.54,-64.94,-62.34,T
eps droppe,-34.58,-32.43,-40.68,N
profit per,-65.37,-59.37,-77.47,N
return inv,-42.27,-41.02,-44.35,N
value thre,-47.68,-49.97,-46.41,T
vanhanen s,-198.01,-182.24,-199.18,N
return cap,-60.92,-58.24,-63.85,N
operating ,-65.36,-59.22,-76.62,N
address ha,-131.11,-128.13,-123.93,T
scope proj,-145.43,-145.17,-135.83,T
airline or,-155.15,-163.59,-162.95,P
water trea,-165.14,-170.19,-148.77,T
metsaliitt,-93.87,-98.12,-110.68,P
nokia cont,-107.56,-116.33,-100.24,T
ceo erkki ,-60.73,-65.58,-63.59,P
weber conv,-129.89,-128.94,-124.51,T
sixyear hi,-54.61,-54.01,-48.99,T
bilfinger ,-93.91,-98.5,-98.35,P
company di,-39.66,-42.34,-36.15,T
participan,-143.46,-139.54,-136.06,T
maximum ob,-85.78,-84.55,-78.1,T
addus serv,-157.75,-155.48,-147.1,T
media advi,-103.57,-94.11,-101.28,N
alexandria,-124.55,-120.26,-113.75,T
operating ,-88.78,-93.92,-116.63,P
course tal,-225.29,-232.19,-217.06,T
make avail,-221.97,-219.64,-198.14,T
october fi,-168.6,-155.04,-176.3,N
currently ,-71.56,-72.49,-68.2,T
shareholde,-160.65,-159.31,-147.89,T
shares rep,-76.2,-73.76,-62.21,T
pretax pro,-50.93,-52.21,-63.11,P
sales volu,-58.46,-55.33,-59.25,N
cents prof,-157.62,-163.11,-146.42,T
handset ma,-51.93,-53.2,-47.1,T
share capi,-85.36,-85.44,-74.85,T
luxembourg,-176.57,-188.9,-179.84,P
february f,-121.37,-133.11,-138.19,P
operating ,-66.54,-63.92,-80.47,N
end number,-42.04,-44.73,-42.42,P
marimekko ,-53.3,-54.86,-51.75,T
finnish si,-117.07,-120.37,-118.69,P
company sh,-76.19,-79.18,-69.92,T
finnish ba,-63.84,-58.13,-65.59,N
finnish fo,-132.16,-120.15,-129.79,N
share purc,-137.59,-152.17,-134.23,T
lcs s serv,-177.83,-188.65,-166.38,T
finland al,-72.89,-76.17,-68.02,T
von koskul,-155.46,-158.39,-140.78,T
increase r,-41.52,-46.52,-41.82,P
taking cue,-208.65,-204.01,-197.11,T
yit s balt,-111.6,-109.62,-118.99,N
fair value,-105.08,-109.93,-109.92,P
addition s,-146.27,-152.84,-136.05,T
customer s,-93.69,-98.14,-93.31,T
august fin,-155.12,-153.61,-178,N
following ,-158.26,-161.54,-147.73,T
acquired p,-81.94,-85.92,-74.65,T
company co,-110.18,-100.37,-109.8,N
airbus att,-71.32,-72.77,-69.05,T
llc voice ,-187.88,-195.45,-172.48,T
commission,-69.24,-65.11,-83.37,N
nordea ban,-117.7,-115.67,-102.11,T
pulp produ,-77.82,-72.14,-77.02,N
panostaja ,-44.49,-46.75,-40.2,T
february f,-140.24,-149.79,-155.1,P
nokia stil,-142.34,-146.33,-134.53,T
ahlstrom h,-122.99,-126.93,-110.64,T
finnish co,-171.83,-189.68,-180.85,P
profit bef,-39.9,-38.51,-43.08,N
operating ,-73,-74.23,-90.12,P
pleased in,-86.68,-88.12,-81.03,T
panostaja ,-120.25,-121.24,-111.71,T
stage maxi,-112.48,-112.7,-102.05,T
yakima cre,-65.44,-65.46,-62.81,T
adpnews fe,-157.81,-154.06,-177.21,N
approximat,-53.89,-56.65,-51.59,T
teliasoner,-133.04,-150.57,-140.53,P
according ,-119.2,-117.94,-116.91,T
incap cont,-63,-68.65,-57.86,T
following ,-89.93,-102.32,-98.54,P
operating ,-90.64,-88.05,-113.25,N
total inve,-51.04,-52.42,-46.91,T
finnish hi,-120.68,-130.54,-136.32,P
company se,-116.05,-117.9,-106.77,T
spokespers,-84.19,-82.78,-82.01,T
company ma,-146.64,-156.27,-156.81,P
london mar,-148.33,-136.25,-153.22,N
according ,-99.58,-97.1,-98.71,N
alexandria,-154.82,-156.17,-141.59,T
finnish wa,-139.53,-132.26,-147.22,N
second qua,-59.55,-63.15,-71.89,P
trucks fea,-128.84,-126.75,-121.67,T
electronic,-120.65,-120.43,-115.99,T
order incl,-154.48,-158.05,-146.83,T
shock phas,-95.61,-99.81,-91.89,T
broadbased,-128.91,-123.06,-126.87,N
due rapid ,-163.71,-171.07,-176.84,P
arto ryymi,-122.04,-119.87,-118.67,T
rapala est,-96.65,-102.68,-102.1,P
value orde,-33,-34.69,-34.26,P
finnish te,-153.52,-159.57,-161,P
welcome ne,-20.54,-20.5,-19.55,T
microsoft ,-115.71,-113.5,-113.52,N
total orde,-84.84,-85.88,-84.16,T
value tota,-42.22,-41.42,-39.85,T
commenting,-90.66,-92.8,-84.31,T
london s l,-75.55,-79.62,-78.64,P
company co,-58.1,-62.15,-60.73,P
new chain ,-54.03,-54.57,-48.84,T
deliveries,-67.54,-69.56,-63.91,T
kone annua,-63.35,-65.21,-62.18,T
operating ,-83.14,-78.75,-105.65,N
eu law iss,-57.25,-55.55,-51.1,T
according ,-81.42,-83.72,-80.39,T
adp news f,-193.68,-185.62,-201.47,N
operating ,-53.12,-56.59,-70.56,P
okmetic ex,-59.11,-56.35,-60.29,N
country ge,-183.6,-187.77,-175.75,T
government,-102.01,-105.66,-99.46,T
cash flow ,-82.51,-79.28,-98.42,N
alexandria,-199.07,-199.75,-183.9,T
increase n,-113.32,-117.23,-98.63,T
abb deutsc,-106.79,-115.19,-109.31,P
finnish fi,-142.97,-151.28,-165.52,P
operating ,-83.57,-80.17,-96.75,N
net profit,-53.71,-51.03,-57.48,N
mreal s sa,-65.15,-71.23,-75.16,P
pretax los,-69.21,-66.6,-92.5,N
elcoteq s ,-126.92,-137.81,-117.98,T
order comp,-135.63,-138.15,-128.94,T
feed compa,-84.1,-83.59,-79.83,T
operating ,-95.17,-88.69,-96.2,N
flagship o,-108.22,-104.74,-102,T
tiimari op,-105.05,-110.44,-103.04,T
proposal s,-142.72,-143.56,-132.99,T
alexandria,-138.15,-138.44,-124.99,T
operating ,-57.31,-54.05,-67.99,N
nordea s c,-128.1,-129.38,-115.55,T
february f,-150.56,-164.81,-167.36,P
le coq spe,-89.03,-87.29,-84.35,T
march finn,-221.79,-208.53,-219.5,N
bm middle ,-84.41,-83.88,-78.02,T
changes as,-136.98,-136.36,-128.86,T
total valu,-40.71,-42.37,-37.17,T
capacity f,-92.94,-98.46,-86.8,T
sales fell,-45.67,-44.96,-47.92,N
following ,-184.46,-188.04,-176.36,T
contract i,-75.45,-79.72,-68.03,T
first solt,-135.41,-145.05,-129.1,T
company se,-90.42,-87.29,-83.87,T
financial ,-36.17,-36.03,-30.85,T
extracted ,-155.81,-157.56,-152.61,T
acquired b,-213.54,-217.49,-198.65,T
first quar,-102.71,-104.8,-125.26,P
pretax los,-68.85,-66.97,-91.81,N
earnings p,-53.16,-50.53,-62.04,N
third quar,-83.94,-88.06,-104.2,P
company se,-208.51,-216.45,-190.19,T
agreement ,-102.06,-112.93,-108.07,P
insurer an,-62.79,-66.97,-67.85,P
before kem,-114.38,-115.48,-111.47,T
lining sto,-91.95,-100.6,-100.62,P
xerox stor,-98.88,-104.26,-108.1,P
dec grimal,-73.01,-72.98,-68.58,T
financial ,-55.33,-55.15,-46.25,T
managing d,-97.84,-103.49,-99.68,P
strengthen,-77.43,-84.28,-83.89,P
electricit,-55.45,-55.96,-54.64,T
disappoint,-47.2,-44.55,-46.4,N
present po,-72.69,-76.13,-70.01,T
below cons,-98.93,-96.41,-90.99,T
food sales,-70.63,-68.59,-75.41,N
poyry s co,-118.51,-129.89,-112.02,T
omx helsin,-66.37,-59.05,-66.45,N
company no,-71.99,-73.65,-71.98,T
member one,-86.21,-84.97,-79.28,T
according ,-138.27,-154.63,-142.93,P
outotec s ,-150.49,-159.31,-140.63,T
cs cabot e,-209.21,-209.2,-191.94,T
total proj,-68.59,-70.14,-66.74,T
e s buildi,-61.72,-67.46,-60.61,T
eps quarte,-75.21,-81.81,-92.08,P
acquisitio,-92.11,-99.13,-97.92,P
transactio,-165.12,-179.49,-166.83,P
vianor sel,-114.72,-120.02,-106.15,T
below unau,-95.18,-94.97,-88.83,T
unit plann,-75.28,-75.03,-71.92,T
front surf,-76.63,-75.76,-72.02,T
developmen,-95.94,-97.33,-91.43,T
q bank lan,-76.35,-75.71,-81.22,N
correspond,-71.75,-72.38,-64.23,T
group s mo,-62.37,-68.65,-70.56,P
technical ,-113.51,-119.04,-116.96,P
relations ,-125.35,-119.41,-125,N
groups s t,-102.95,-109.3,-112.17,P
federal go,-101.01,-100.91,-92.93,T
reporting ,-134.8,-144.65,-155.35,P
stock rose,-80.82,-87.83,-90.42,P
prerequisi,-143.28,-144.05,-130.91,T
januarysep,-43.47,-44.36,-50.97,P
marimekko ,-84.24,-87.05,-81.28,T
deal inclu,-52.28,-56.65,-47.14,T
finnish in,-153.33,-153.8,-139.45,T
very pleas,-151.43,-165.78,-162.72,P
exel headq,-45.81,-45.3,-40.56,T
ahlstrom s,-120.49,-125.06,-111.13,T
company s ,-70.39,-73.4,-66.6,T
part reduc,-62.5,-63.66,-57.46,T
eqt comple,-161.74,-165.45,-153.66,T
according ,-146.52,-159.34,-150.33,P
elsewhere ,-69.87,-70.98,-67.34,T
finnish gl,-139.3,-140.8,-156.56,P
baltic cou,-39.93,-37.64,-39.58,N
maximum em,-113.09,-112.8,-100.85,T
under agre,-212.8,-221.99,-198.84,T
finnish op,-152.33,-175.81,-163.33,P
transactio,-50.63,-55.26,-47.45,T
pharmaceut,-141.24,-139.2,-126.39,T
concept en,-113.16,-118.23,-115.49,P
major part,-168.68,-174,-153.52,T
volume foc,-98.31,-102.07,-92.23,T
okmetic us,-68.98,-72.3,-66.11,T
sweden ope,-80.84,-85.15,-94.38,P
company pa,-72.95,-80.85,-68.1,T
operating ,-86.97,-78.71,-104.81,N
order cove,-111.53,-125.95,-102.77,T
event view,-48.58,-48.13,-43.35,T
contract v,-55.23,-55.46,-50.03,T
applicatio,-73.74,-75.76,-71.88,T
operating ,-35.9,-37.92,-44.35,P
incap cont,-102.61,-117.25,-100.26,T
continued ,-105.92,-111.7,-102.75,T
operating ,-88.78,-93.92,-116.63,P
technopoli,-52.72,-55.26,-48.07,T
march gold,-200.18,-194.94,-201.41,N
seventythr,-133.09,-134.17,-121.81,T
last year ,-154.27,-163.64,-159.12,P
raute head,-95.47,-97.5,-89.79,T
besides pi,-55.64,-55.96,-51.06,T
correspond,-79.61,-81.73,-80.05,P
preliminar,-72.06,-72.77,-69.23,T
finnish fi,-92.91,-98.75,-112.04,P
analysts s,-69.05,-69.73,-69.12,P
financial ,-82.07,-81.8,-72.18,T
credit cov,-58.54,-61.18,-50.7,T
company s ,-42.12,-43.92,-40.42,T
company fo,-50.49,-53.63,-46.6,T
desk reach,-83.32,-83.18,-78.53,T
transactio,-43.69,-45.65,-41.33,T
following ,-191.05,-186.38,-173.14,T
adp news n,-171.58,-178.55,-190.95,P
financial ,-36.17,-36.03,-32.53,T
undergroun,-68.43,-66.55,-60.7,T
company s ,-79.33,-76.56,-88.48,N
net profit,-61.42,-64.51,-63.02,P
finnish kc,-79.24,-85.58,-87.15,P
olvi poste,-75.74,-81.32,-83.85,P
total stoc,-71.23,-68.97,-60.56,T
thus sysop,-131.95,-131.7,-125.61,T
rory fitzg,-217.81,-232.65,-234.73,P
company s ,-57.43,-59.48,-62.31,P
company op,-137.37,-145.94,-129.36,T
company ti,-67.17,-67.86,-60.24,T
vuokatti u,-129.25,-133.47,-120.73,T
finnish ba,-96.49,-90.1,-111.24,N
latest res,-128.81,-130.22,-123.36,T
last month,-159.35,-180.58,-168.88,P
huhtamaki ,-216.16,-217.35,-202.9,T
sales retu,-63.24,-68.56,-69.49,P
metsabotni,-62.86,-65.17,-57.63,T
recently c,-114.99,-116.68,-108.87,T
know exist,-39.7,-38.92,-38.05,T
department,-67.22,-72.64,-71.44,P
swedish su,-224.91,-229.55,-215.89,T
combinatio,-205.78,-226.67,-212.91,P
pm omx hel,-98.13,-84.04,-95.74,N
northrhine,-86.03,-86.23,-79.99,T
more waste,-46.5,-46.75,-41.63,T
guangdong ,-180.37,-179.49,-169.87,T
passenger ,-129.53,-129.88,-130.83,P
copying re,-173.61,-173.49,-161.43,T
finnish be,-108.87,-112.38,-107.23,T
second qua,-92.46,-96.75,-104.67,P
comptel co,-219.91,-225.87,-206.23,T
kemira sha,-42.29,-41.64,-40.52,T
recruits c,-112.86,-111.22,-105.59,T
stockmann ,-171.06,-183.01,-173.05,P
dialing pa,-58.86,-56.65,-52.96,T
financial ,-45.35,-45.94,-40.03,T
equipment ,-88.87,-94.48,-85.16,T
september ,-166.93,-172.37,-169.1,P
diluted ea,-56.46,-62.9,-72.13,P
finnish pa,-99.33,-97.8,-91.79,T
ponsse pro,-84.41,-91.72,-88.71,P
fourth qua,-70.74,-66.92,-82.85,N
projected ,-78.58,-83.22,-83.93,P
agreement ,-113.13,-119.04,-104.27,T
ruukki rom,-133.42,-142.48,-140.97,P
price give,-194.94,-199.25,-180.43,T
nordea coo,-46.97,-46.75,-43.34,T
fixedterm ,-127.08,-132.53,-123.48,T
establishe,-157.62,-161.38,-144.67,T
ova press ,-81.35,-84.97,-72.55,T
part agree,-97.68,-100.82,-92.36,T
cash flow ,-77.36,-75.56,-82.94,N
cooperatio,-176.4,-178.44,-166.13,T
merisatama,-138.76,-141.61,-134.18,T
tecnomen c,-221.96,-235.88,-201.41,T
categorica,-114.83,-114.24,-106.51,T
u s based ,-178.37,-182.82,-169.29,T
finland s ,-161.18,-173.88,-165.13,P
sales mids,-42.1,-38.29,-45.71,N
finnish me,-118.34,-127.92,-137.28,P
januarysep,-77.53,-85.05,-90.78,P
implementa,-103.72,-111.22,-101.75,T
svyturysut,-135.72,-146.01,-151.66,P
tiimari la,-96.31,-102.86,-105.01,P
device vol,-58.06,-53.5,-55.52,N
repeats se,-101.56,-91.44,-104.39,N
cargotec c,-207.44,-224.25,-213.4,P
sevenyear ,-56.08,-56.65,-49.6,T
being deve,-78.26,-81.98,-73.27,T
group s or,-61.04,-59.48,-66.4,N
finnish cu,-158.18,-164.91,-186.04,P
currently ,-152.06,-148.25,-140.22,T
mln euro m,-130.77,-135.11,-123.09,T
utility pr,-112.71,-117.13,-102.66,T
isms discl,-54.41,-52.66,-49.09,T
forestries,-114.4,-121.84,-123.28,P
sales pric,-32.7,-33.33,-29.82,T
eriikka sd,-191.87,-201.92,-180.27,T
wood lacqu,-75.93,-74.38,-72.51,T
yara suomi,-152.44,-152.18,-137.2,T
according ,-75.93,-74.56,-67.04,T
elcoteq do,-143.53,-147.76,-133.02,T
operating ,-70.91,-66.68,-88.78,N
finnish re,-174.53,-189.5,-186.14,P
announced ,-60.11,-64.48,-64.65,P
fiskars ye,-172.96,-186.76,-185.35,P
profit bef,-64.13,-64.04,-75.95,N
sales finl,-67.98,-62.17,-67.14,N
financial ,-36.86,-36.73,-31.04,T
according ,-76.73,-77.7,-70.3,T
aldata sha,-203.98,-205.36,-185.83,T
new plant ,-114.04,-123.46,-111.05,T
cash flow ,-84.7,-81.73,-99.81,N
measures l,-66.74,-64.55,-65.61,N
adp news s,-193.64,-207.81,-211.84,P
risto jalo,-111.73,-116.02,-107.5,T
mr jortikk,-105.42,-110.92,-101.78,T
mr mikko s,-194.89,-199.49,-187.71,T
finnish ge,-62.39,-57.68,-65.36,N
robust gro,-78.92,-85.5,-85.9,P
pct above ,-73.13,-76.16,-74.17,P
turnover s,-114.53,-121.69,-129.86,P
finnish na,-119.55,-115.76,-128.02,N
loss finan,-75.68,-72.45,-96.48,N
baltic cou,-63.24,-66.18,-63.12,T
during pas,-184.92,-191.8,-171.57,T
reported o,-41.73,-40.47,-42.93,N
jensen nja,-112.37,-115.23,-108.94,T
new majori,-212.03,-214.98,-196.76,T
amer bough,-98.6,-101.45,-97.9,T
shortterm ,-100.56,-102.7,-98.72,T
situation ,-69.63,-67.39,-67.49,N
glaston s ,-98.38,-97.37,-92.09,T
cdp establ,-144.12,-147.68,-139.01,T
operating ,-46.59,-41.82,-54.66,N
plant expe,-61.91,-62.68,-56.68,T
master may,-125.53,-127.15,-119.01,T
neste oil ,-89.55,-90.9,-85.83,T
thus group,-79.98,-81.63,-76.12,T
five diffe,-150.25,-148.75,-142.66,T
such space,-113.15,-109.83,-106.62,T
finnish te,-114.81,-112.2,-118.3,N
compensati,-47.08,-45.65,-44.23,T
reason st ,-109.75,-107.53,-98.41,T
building h,-66.02,-61.16,-68.04,N
lietuvos r,-123.6,-131.58,-135.61,P
according ,-112.46,-120.23,-118.88,P
finnish ho,-104.4,-106.35,-97.24,T
vnh genera,-74.44,-74.55,-72.5,T
cencorp es,-116.03,-118.51,-132.28,P
symphony s,-68.65,-75.07,-62.03,T
agreement ,-41.08,-43.7,-42.79,P
simultaneo,-92.38,-92.8,-88.73,T
upmkymmene,-55.45,-54.45,-53.39,T
q consolid,-125.18,-124.39,-150.35,N
operating ,-42.38,-44.06,-51.99,P
redesigned,-141.15,-140.2,-134.42,T
following ,-100.9,-108.22,-92.45,T
ebit exclu,-70.41,-67.95,-85.56,N
tailored s,-112.93,-122.45,-118.91,P
raisio sit,-74.75,-78.08,-67.32,T
addition c,-151.98,-169.12,-155.81,P
capacity c,-80.12,-71.94,-82.9,N
bottomline,-65.39,-67.46,-73.02,P
net profit,-43.59,-45.41,-49.95,P
itg s shar,-51.44,-53.96,-50.16,T
start nego,-82.08,-84.38,-78.11,T
lkab headq,-128.61,-130.33,-118.87,T
each share,-53.76,-53.61,-48.51,T
both opera,-106.46,-116.28,-136,P
put up cos,-105.77,-109.9,-104.65,T
very pleas,-80.77,-89.35,-83.88,P
revenue gr,-51.15,-56.36,-58.33,P
kaupthing ,-89.2,-93.81,-84.22,T
revenue ju,-74.77,-82.32,-81.74,P
oppohjola ,-117.34,-120.3,-109.95,T
financial ,-36.86,-36.73,-33.29,T
major brew,-105.15,-111.72,-119.53,P
net intere,-52.18,-55.58,-61.43,P
product ra,-93.43,-93.49,-86.75,T
kyroskoski,-71.66,-71.49,-65.82,T
biotie nor,-218.68,-221.74,-214.1,T
company s ,-82.98,-86.96,-73.51,T
combining ,-135.09,-146.55,-141.87,P
route betw,-125.03,-123.09,-127.78,N
important ,-69.09,-72.18,-63.93,T
allows you,-60.83,-65.46,-64.28,P
memorandum,-131.62,-143.4,-142.05,P
approval s,-61.01,-60.41,-55.84,T
net sales ,-135.96,-146.16,-154,P
componenta,-112.18,-115.89,-103.63,T
finnish co,-187.44,-190.57,-176.15,T
business t,-111.93,-112.15,-102.29,T
niklas sko,-94.88,-97.02,-90.27,T
online ice,-123.91,-120.33,-113.47,T
vaisala he,-129.68,-125.67,-117.04,T
plant fire,-103.17,-102.7,-101.58,T
china finn,-170.88,-183.96,-178.48,P
vehvilaine,-138.56,-144.32,-133.8,T
helsinki a,-149.64,-168.23,-163.2,P
rsa s shar,-74.92,-74.78,-69.52,T
finnish ca,-74.63,-81.57,-79.26,P
transactio,-112.88,-116.62,-109.63,T
share subs,-84.28,-82.77,-78.41,T
ruukki gro,-67.03,-65.89,-71.5,N
before fki,-137.93,-140.27,-128.42,T
invention ,-56.78,-55.96,-52.18,T
company s ,-69.69,-74.35,-65.51,T
fsecure on,-141.89,-140.23,-128.38,T
nokia capc,-96.83,-96.28,-93.48,T
company pr,-88.09,-95.4,-89.34,P
net sales ,-45.4,-44.5,-52.52,N
zao yit mo,-84.01,-82.89,-80.72,T
finnish li,-175.33,-180.1,-200.05,P
downloadab,-137.91,-138.04,-132.37,T
new compan,-84.09,-87.7,-82.29,T
outotec s ,-97.13,-101.85,-112.32,P
diluted ea,-63.96,-71.01,-82.21,P
contract i,-152.53,-159.6,-144.14,T
consolidat,-56.09,-51.65,-65.78,N
management,-67.81,-70.79,-64.95,T
company pa,-126.94,-140.34,-141.96,P
sampo plc ,-247.04,-237.3,-222.85,T
focus impr,-63.62,-68.5,-69.36,P
contrast c,-99.88,-103.34,-121.25,P
lemminkine,-76.95,-79.19,-72.52,T
mreal part,-117.83,-119.79,-113.6,T
addition c,-56.95,-59.26,-51.9,T
finnish te,-172.41,-174.97,-193.7,P
company ex,-63.53,-62.18,-65.73,N
purchase s,-40.77,-41.56,-43.33,P
today oran,-123.41,-126.8,-121.4,T
group net ,-67.75,-70.1,-66.01,T
fixing hom,-103.35,-107.36,-108.43,P
nordic inf,-63.97,-70.69,-62.5,T
central eu,-60.5,-63.22,-55.72,T
finnish de,-139.86,-148.36,-162.14,P
subscripti,-75.46,-77.83,-73.42,T
fourth qua,-112.05,-114.6,-108.11,T
orders mac,-69.73,-71.62,-70.54,P
company co,-121.84,-112.45,-122.38,N
steelmaker,-196.79,-183.87,-203.13,N
net profit,-109.93,-109.09,-119.18,N
finnish la,-162.12,-154.74,-168.01,N
finnish me,-100.85,-97.38,-98.57,N
operating ,-87.34,-78.35,-105.5,N
sanoma mag,-70.25,-74.6,-80.05,P
welcome ne,-20.54,-20.5,-19.55,T
know peopl,-37.4,-36.84,-33.5,T
alma media,-101.41,-103.06,-88.09,T
october fi,-140.39,-152.76,-163.21,P
mr doring ,-122.66,-126.96,-112.55,T
cencorp he,-120.66,-119.62,-113.93,T
finlandbas,-171.56,-173,-163.42,T
ethanol ma,-54.27,-53.76,-49,T
ssh commun,-165.59,-160.91,-160.06,T
mursula tr,-85.51,-84.28,-83.65,T
profitabil,-40.62,-40.04,-47.86,N
helsinki t,-226.32,-218.13,-228.06,N
mr bakman ,-126.84,-125.12,-121.05,T
two contra,-135.82,-138.85,-129.38,T
paper comp,-192.13,-194.41,-180.31,T
operating ,-70.96,-74.38,-90.28,P
finnish me,-107.46,-114.33,-121.84,P
acquisitio,-94.98,-96.66,-85.3,T
value orde,-33.82,-34.98,-35.24,P
october fi,-165.51,-176.44,-190.33,P
customer l,-156.77,-156.05,-145.38,T
deal inclu,-79.63,-82.89,-68.89,T
last july ,-182.09,-187.37,-164.4,T
st petersb,-237.81,-256.22,-249.83,P
teliasoner,-99.34,-107.27,-104.96,P
acquisitio,-109.39,-126.75,-107.81,T
two sites ,-46.39,-47.44,-42.24,T
nwc analys,-30.12,-29.71,-27.27,T
finnish ke,-83.68,-79.5,-96.25,N
finnish co,-99.17,-111.53,-103.1,P
aim achiev,-51.62,-55.89,-59.14,P
addition v,-132.58,-136.77,-124.84,T
new partne,-71.11,-82.89,-74.87,P
transactio,-119.65,-123.63,-114.74,T
incap head,-97.66,-98.26,-87.68,T
helsinki a,-112.01,-121.08,-130.08,P
output con,-47.2,-47.44,-45.53,T
liquid han,-231.28,-231.79,-209.04,T
according ,-117.41,-121.83,-123.64,P
finnish de,-147.69,-142.59,-149.23,N
basware fi,-51.38,-53.07,-47.83,T
holds perc,-115.12,-118.12,-107.57,T
growth net,-85.66,-93.33,-93.58,P
proposal b,-94.6,-96.23,-85.2,T
copper lea,-99.35,-90.3,-102.69,N
establishe,-98.77,-103.17,-93.88,T
joint vent,-73.81,-76.24,-70.53,T
savon koul,-93.63,-101.49,-97.68,P
profit per,-42.14,-44.2,-52.62,P
august sam,-48.96,-50.02,-43.56,T
german com,-164.42,-162.08,-160.01,T
maximum am,-76.84,-74.12,-68.08,T
superior c,-84.37,-93.49,-85.81,P
simmons el,-190.34,-188.85,-176.74,T
business a,-78.79,-83.52,-74.08,T
both opera,-106.64,-115.58,-136,P
diluted ep,-37.88,-43.34,-50.08,P
member boa,-95.41,-98.54,-86.81,T
mediumterm,-63.07,-59.66,-58.54,T
value cont,-32.85,-34,-33.9,P
satama s n,-73.33,-79.78,-87.98,P
vaisala s ,-120.13,-122.54,-115.27,T
contract i,-97.57,-98.83,-93.82,T
changes me,-65.48,-64.36,-65.87,N
financial ,-91.77,-89.46,-86.31,T
capman haa,-61.69,-62.41,-57.13,T
capman ass,-98,-102.08,-91.47,T
total capa,-57.3,-59.16,-54.55,T
handpainte,-120.72,-120.43,-116.4,T
finnish co,-103.51,-103.3,-103.55,N
according ,-182.73,-191.55,-176.18,T
energy sho,-75.93,-73.68,-71.75,T
moderate s,-84.28,-89.8,-90.73,P
aspocomp s,-137.91,-142.33,-130.16,T
business g,-133.2,-134.07,-128.59,T
nokia up p,-72.12,-71.3,-74.25,N
capitex ka,-75.71,-84.28,-71.46,T
financial ,-96.1,-102.07,-99.92,P
pretax pro,-76.6,-83.98,-87.17,P
raute post,-96.64,-96.89,-118.76,P
net cash f,-87.33,-84.81,-103.3,N
cash flow ,-73.01,-71.98,-76.47,N
lee man pa,-132.2,-143.22,-144.45,P
proline pl,-161.39,-161.87,-155.38,T
excluding ,-59.41,-58.44,-70.82,N
recently f,-214.82,-223.11,-206.46,T
raute won ,-156.38,-167.33,-159.63,P
tekla grou,-60.66,-63.69,-58.14,T
accordance,-169.02,-168.7,-153.11,T
helsinki f,-148.63,-148.47,-144.18,T
helsinki a,-201.62,-212.5,-211.76,P
tietoenato,-108.56,-100.36,-108.07,N
contract i,-174.86,-184.39,-165.44,T
dnb nord n,-132.39,-134.28,-128.34,T
order cons,-84.74,-96.21,-81.1,T
first quar,-79.37,-77.64,-92.07,N
company di,-126.49,-130.57,-114.04,T
stora chie,-135.84,-131.7,-135.79,N
following ,-140.86,-157.54,-136.87,T
neste oil ,-132.6,-132.96,-124,T
pretax los,-60.91,-55.21,-73.01,N
talentum a,-73.37,-72.03,-65.1,T
revenue qu,-71.6,-68.94,-77.02,N
rautalinko,-89.49,-93.49,-86.94,T
alma media,-87.31,-80.96,-93.91,N
orders con,-146.43,-144.88,-137.58,T
stakeholde,-129.6,-124.96,-123.45,T
sales rose,-85.15,-92.57,-100.82,P
first indu,-143.53,-143.52,-133.52,T
net sales ,-92.65,-102.06,-106.71,P
cranes ins,-101.09,-103.39,-96.3,T
significan,-52.66,-54.01,-51.99,T
operating ,-81.64,-80.4,-99.19,N
demand bri,-64.24,-68.56,-69.54,P
company s ,-131.15,-138.46,-140.76,P
adjustment,-73.63,-67.04,-72.42,N
polish bus,-62.82,-63.55,-61.9,T
second qua,-100.8,-104.86,-99.57,T
unlisted b,-151.87,-148.06,-146.46,T
teleste se,-95.83,-108.69,-92.4,T
value cont,-34.83,-35.39,-35.53,P
london mar,-142.06,-157.33,-151.3,P
contract e,-55.41,-59.93,-59.21,P
product co,-168.17,-171.55,-156.7,T
rimvesta n,-157.15,-162.86,-150.51,T
pertti erv,-61.97,-61.05,-56.78,T
ramirent f,-92.32,-95.22,-90.23,T
investment,-66.31,-68.85,-64.51,T
finnish en,-154.75,-154.83,-143.35,T
finnish co,-133.46,-136.35,-156.65,P
organizati,-52.96,-53.61,-50.61,T
teleste of,-67.84,-69.41,-61.66,T
sales secu,-52.54,-56.82,-56.58,P
managing d,-128.15,-125.78,-131.76,N
q profit b,-80.39,-71.31,-87.04,N
report goe,-144.16,-144.47,-133.74,T
operating ,-42.38,-45.67,-54.66,P
speaking j,-139.54,-148.31,-143.35,P
second qua,-83.65,-85.94,-99.66,P
adpnews au,-143.54,-134.06,-154.75,N
unilever s,-73.65,-76.55,-70.81,T
company re,-167.39,-166.32,-163.75,T
vacon rece,-102.77,-107.41,-97.96,T
value orde,-41.45,-43.5,-42.04,P
operating ,-93.5,-97.21,-115.87,P
individual,-62.44,-65.46,-65.33,P
january tr,-134.49,-146.26,-151.78,P
company fe,-126.45,-135.27,-129.49,P
business s,-66.55,-68.37,-58.22,T
avc system,-60.19,-61.02,-64.4,P
finnish te,-166.72,-184.26,-177.95,P
total mill,-39.48,-40.41,-37.38,T
rfid radio,-130.52,-130.33,-125.5,T
officials ,-43.96,-44.67,-39.41,T
omx nordic,-139.2,-125.16,-132.6,N
very pleas,-94.76,-103.19,-103.35,P
company su,-172.06,-185.42,-181.39,P
finnish se,-151.86,-161.68,-169.55,P
agreement ,-42.14,-47.44,-41.44,T
launch pla,-91.46,-99.01,-92.42,P
capman s f,-158.36,-154.92,-144.51,T
ruukki s d,-133.93,-140.37,-127.09,T
policy aim,-67.25,-72.3,-68.78,P
recent tec,-181.14,-188.04,-172.13,T
bank tokyo,-74.02,-72.18,-68.55,T
teleste bk,-119.02,-122.76,-114.85,T
combined c,-86.32,-87.58,-93.81,P
wayne gree,-136.29,-138.15,-128.46,T
expanded p,-59.59,-63.92,-56.8,T
according ,-230.04,-226.18,-212.48,T
sales loca,-113.39,-113.83,-116.99,P
alliance a,-137.69,-136.07,-134.1,T
diluted lo,-50.45,-54.23,-61.81,P
talks aime,-58.22,-61.28,-62.06,P
according ,-117.72,-119.81,-138.59,P
mobile pho,-110.05,-126.08,-119.06,P
eurm contr,-64.68,-70,-58.75,T
recovery e,-115.61,-123.75,-118.58,P
fortum exp,-126.6,-130.71,-120.47,T
czech repu,-155.71,-157.4,-148.68,T
patrick je,-128.37,-129.23,-118.01,T
motorola w,-139.86,-146.54,-136.79,T
vessel ord,-106.43,-116.27,-110.28,P
module pro,-92.48,-90.84,-87.66,T
profit bef,-76.46,-69.92,-86.87,N
baltics me,-68.31,-72.99,-65.37,T
neste oil ,-101.58,-103.23,-97.31,T
percentage,-157.49,-153.9,-132.52,T
acquisitio,-82.31,-80.26,-76.1,T
pharmaceut,-120.77,-132.47,-107.78,T
name compa,-58.08,-59.34,-52.77,T
finnish ta,-101.98,-103.91,-125.06,P
acquisitio,-34.76,-36.84,-31.32,T
sales came,-77.09,-81.87,-90.28,P
offer clie,-119.8,-124.51,-113.68,T
kone share,-55.78,-53.13,-56.13,N
aspo s net,-49.61,-51.14,-52.53,P
eet alma m,-91.95,-92.49,-82.79,T
total valu,-45.25,-45.59,-42.19,T
cant under,-104.96,-99.93,-101.68,N
actions ex,-62.41,-70.98,-67.51,P
started so,-163.38,-163.77,-155.47,T
ipad appli,-123.85,-124.96,-112.58,T
one headbo,-118.35,-120.02,-110.07,T
finnair s ,-140.25,-131.26,-141.87,N
contract i,-87.41,-88.64,-79.38,T
growth mar,-69.07,-61.85,-69.06,N
finnish el,-218.73,-229.47,-231.7,P
body credi,-53.48,-54.95,-52.06,T
dividends ,-80.88,-80.54,-73.24,T
cooper sh ,-149.65,-160.25,-161.26,P
panostaja ,-134.92,-133.37,-117.9,T
featuring ,-187.07,-186.33,-180.25,T
besides de,-131.33,-124.5,-120.29,T
net sales ,-68.99,-70.13,-71.52,P
constructi,-110.46,-114.49,-104.35,T
bridge par,-51.3,-55.55,-47.75,T
contract c,-59.98,-64.47,-54.4,T
poorest in,-73.7,-70.62,-71.74,N
value orde,-41.55,-44.47,-41,T
bank sees ,-56.46,-60.62,-59.12,P
finnish me,-114.67,-129.41,-124.45,P
pretax pro,-69.68,-67.28,-89.28,N
finnish ok,-96.58,-107.62,-101.64,P
helsinki a,-133.19,-145.07,-143.25,P
according ,-94.5,-100.04,-101.81,P
capital ex,-92.38,-85.42,-91.58,N
m communic,-103.6,-104.61,-96.13,T
clothing r,-98.45,-106.37,-117.75,P
via move c,-109.69,-122.02,-118.19,P
alma media,-86.08,-83.89,-86.57,N
issue came,-114.08,-116.74,-104.52,T
financial ,-134.29,-136.63,-118.87,T
group s cu,-102.01,-103.85,-111.28,P
operating ,-67.42,-65.35,-85.13,N
company pu,-48.05,-51.43,-44.71,T
associatio,-173.13,-169.36,-170.62,N
new factor,-111.43,-119.32,-123.18,P
more speci,-128.47,-129.92,-124.87,T
finlandbas,-176.71,-192.62,-179.06,P
study eval,-144.37,-140.23,-138.27,T
company ex,-49.7,-51.07,-52.38,P
finnish pl,-144.53,-137.62,-158.89,N
products i,-258.01,-256.87,-233.34,T
operating ,-68.1,-69.53,-84.88,P
look forwa,-100.54,-105.71,-93.31,T
kone liste,-50.88,-50.58,-46.39,T
finnish li,-175.32,-188.72,-189.2,P
narrows eu,-195.57,-204.39,-229.99,P
furthermor,-107.82,-112.7,-117.15,P
ebrd using,-209.09,-211.96,-194.69,T
lee man co,-103.99,-109.41,-101.52,T
company co,-86.73,-90.47,-81.05,T
order wort,-33.15,-36.08,-36.32,P
acquisitio,-70.55,-74.76,-70.7,P
net sales ,-49.41,-48.61,-53.97,N
restructur,-174.75,-181.45,-166.73,T
market val,-90.24,-91.21,-85.77,T
expanded c,-50.45,-52.94,-49.61,T
previously,-104.2,-106.84,-98.97,T
both sourc,-118.99,-123.41,-113.23,T
local gove,-177.08,-178.61,-169.41,T
indigo som,-69.65,-70.08,-64.75,T
russian ex,-77.92,-84.26,-81.61,P
finnish el,-167.41,-182.26,-174.02,P
platform c,-63.02,-65.86,-59.83,T
group s bu,-102.27,-114.12,-93.32,T
part reorg,-142.68,-145.28,-128.78,T
airline ta,-148.77,-146.13,-139.48,T
mr ashley ,-141.7,-143.18,-132.25,T
outotec oy,-186.73,-203.77,-201.14,P
ebrd using,-207.89,-211.87,-191.92,T
benefon tu,-110.94,-114.44,-102.2,T
interim re,-47.4,-45.76,-46.2,N
fivestorey,-96.28,-97.3,-90.2,T
according ,-86.79,-91.82,-85.05,T
operating ,-42.38,-44.06,-51.99,P
honkaraken,-101.96,-105.96,-93.88,T
secure fil,-100.46,-99.93,-96.94,T
terms tran,-46.79,-46.05,-43.74,T
offer mill,-102.82,-111.12,-103.97,P
today s bu,-110.38,-112,-105.79,T
constructi,-41.54,-44.67,-39.26,T
initial es,-72.17,-72.54,-69.28,T
during str,-100.88,-97.93,-108.74,N
group inte,-133.53,-135.58,-127.83,T
nordea gro,-104.94,-112.29,-115.02,P
resulted i,-47.09,-51.75,-53.72,P
layoffs af,-77.26,-73.6,-69.16,T
adp news o,-169.84,-181.63,-182.8,P
finnish so,-137.61,-137.42,-163.74,N
order comp,-97.86,-104.33,-92.29,T
finnish pu,-146.25,-150.49,-162.65,P
july quadr,-110.35,-112.81,-103.67,T
one apply ,-131.11,-128.94,-123.68,T
production,-71.1,-64.46,-68.14,N
deal signi,-69.51,-75.19,-66.1,T
changes as,-109.86,-109.43,-102.33,T
plan estim,-86.21,-93.29,-90.9,P
fair value,-84.8,-83.51,-92.29,N
company us,-123.66,-129.7,-110.26,T
apple inc ,-161.68,-161.98,-151.19,T
altia s op,-58.89,-62.63,-67.76,P
mreal corp,-220.03,-228.85,-214.1,T
acquisitio,-61.27,-59.72,-66.36,N
sunrise re,-118.42,-124.84,-110.82,T
raisio s b,-145.36,-156.48,-144.8,T
group net ,-70.93,-70.48,-84.83,N
earnings p,-67.74,-70.29,-80.24,P
basware bu,-105.02,-108.92,-94.01,T
again sign,-44.02,-51.35,-47.68,P
first nine,-87.96,-95.15,-106.04,P
company ge,-69.96,-71.1,-69.91,T
earnings p,-53.21,-53.69,-64.04,P
outsourcin,-111.47,-117.94,-107.35,T
cs cabot s,-131.72,-131.12,-127.14,T
see more n,-70.64,-72.3,-65.54,T
finnish fl,-116.24,-118.66,-136.46,P
finnish fo,-105.4,-110.09,-126.18,P
investment,-43.06,-44.88,-42.29,T
scanfil ho,-84.24,-80.32,-77.78,T
restructur,-69.08,-68.31,-66.3,T
prices del,-66.85,-64.19,-68.57,N
order incl,-71.58,-72.99,-65.52,T
annual net,-71.09,-72.05,-66.82,T
issuer sol,-58.16,-56.65,-51.97,T
neutral ,-10.96,-11.29,-10.56,T
operating ,-69.13,-65.82,-81.73,N
purchase p,-85.35,-88.12,-78.6,T
m trying d,-153.27,-152.56,-145.46,T
share capi,-39.61,-41.69,-36.08,T
result bur,-95.42,-96.92,-104.58,P
passenger ,-45.09,-49.39,-53.32,P
stock exch,-114.88,-115.25,-102.65,T
talvivaara,-168.18,-185.04,-186.94,P
new units ,-134.28,-139.23,-123.84,T
finnish pr,-174.44,-180,-170.84,T
according ,-109.09,-119.45,-112.65,P
finnish re,-120.24,-123.01,-112.43,T
note clien,-154.95,-157.21,-154.95,P
company sl,-58.42,-57.11,-67,N
company tu,-82.28,-85.89,-97.3,P
london afx,-126.72,-135.42,-129.55,P
export acc,-95.65,-96.78,-88.32,T
category m,-49.28,-48.13,-46.53,T
ahlstrom h,-117.39,-120.74,-107.29,T
ruukki ann,-115.6,-128.29,-123.96,P
okmetic bo,-109.26,-115.02,-98.71,T
hour news ,-89.89,-88.81,-87.1,T
divested s,-71.14,-71.98,-63.37,T
revenue gr,-59.58,-65.33,-68.68,P
ramirent m,-109.37,-106.66,-115.59,N
nokia s sh,-126.06,-123.58,-124.38,N
wife looki,-163.6,-165.78,-162.4,T
commission,-61.91,-67.45,-75.41,P
bring cost,-46.52,-51.95,-55.37,P
exel compo,-143.37,-144.34,-128.1,T
mall finan,-193.13,-194.07,-175.04,T
supported ,-360.22,-359.19,-301.85,T
remote rad,-121.07,-120.02,-113.38,T
finnish co,-145.28,-148.22,-166.43,P
biggest ch,-74.33,-73.57,-71.57,T
agreed com,-72.68,-74.5,-63.79,T
terms cond,-93.23,-90.43,-80.36,T
finnish la,-108.59,-119.57,-116,P
image data,-120.94,-119.62,-113.82,T
together g,-52.36,-53.36,-48.9,T
statutory ,-55.68,-55.26,-51.08,T
ponsse div,-80.71,-88.59,-80.17,T
outotec he,-116.51,-122.78,-108.97,T
company co,-105.15,-106.41,-100.55,T
stuk today,-100.13,-98.77,-91.62,T
remainder ,-70.97,-73.68,-69.36,T
tikkurila ,-125.14,-130.68,-119.99,T
stora enso,-77.24,-77.45,-90.36,P
shares hel,-109.76,-108.6,-93.42,T
rihko star,-122.53,-127.59,-118.45,T
done domes,-78.58,-83.88,-76.59,T
country fi,-203.36,-207.01,-191.85,T
contract d,-118.78,-127.56,-122.58,P
paper comp,-154.91,-143.37,-158.3,N
negotiatio,-100.38,-98.2,-89.6,T
company pr,-40.33,-42.02,-37.07,T
basware s ,-125.51,-129.57,-128.53,P
mr priit k,-144.5,-155.02,-152.86,P
first nine,-77.84,-85.38,-93.66,P
sports equ,-81.94,-86.8,-84.71,P
sale resul,-90.09,-84.93,-86.1,N
price talk,-119.92,-119.73,-115.08,T
implementi,-109.72,-121.11,-117.06,P
value orde,-41.45,-43.5,-42.04,P
juha jorda,-174.12,-187.19,-178.68,P
kalnapilio,-160.05,-178.46,-186.17,P
currently ,-55.27,-54.86,-47.62,T
financialw,-218.49,-217.87,-200.59,T
upgrade in,-148.63,-163.3,-149.16,P
group s re,-84.59,-86.31,-78.42,T
stx finlan,-198.7,-217.55,-205.57,P
operating ,-92.72,-92.01,-117.03,N
autotank g,-61.88,-65.26,-58.41,T
division i,-78.34,-78.28,-68.81,T
financial ,-43.8,-45.24,-38.13,T
give bedro,-57.47,-57.34,-54.64,T
following ,-55.39,-56.34,-51.99,T
part agree,-106,-108.51,-98.13,T
according ,-141.86,-143.28,-136.06,T
merrill ly,-100.39,-103.39,-101.21,P
server res,-133.06,-137.06,-124.06,T
plant use ,-92.7,-101.31,-93.49,P
company ne,-53.1,-53.64,-64.25,P
finnish kc,-139.61,-159.53,-154.79,P
net sales ,-64.46,-71.3,-75.88,P
vacon s ca,-80.3,-84.32,-94.22,P
final pric,-50.49,-52.24,-47.3,T
value orde,-33,-34.69,-34.26,P
real estat,-149.67,-143.57,-165.85,N
second com,-163.87,-170.92,-158.02,T
method sys,-147.71,-145.51,-138.87,T
assignment,-107.14,-119.58,-107.89,P
aspokem po,-80.56,-81.17,-89.77,P
changes ma,-141.21,-137.76,-140.48,N
deal proce,-178.01,-184.33,-172.53,T
net profit,-36.77,-36.86,-43.97,P
earnings p,-62.23,-64.94,-75.73,P
stockmann ,-105.33,-109.93,-99.2,T
ferries ru,-94.65,-92.54,-97.14,N
both opera,-94.45,-103.4,-119.89,P
prior tran,-100.45,-101.44,-92.41,T
equity rat,-106.95,-111.57,-119.96,P
operating ,-67.56,-64.63,-86.17,N
finland ba,-98.2,-93.83,-110.34,N
nd disclos,-30.12,-29.71,-27.09,T
new shares,-195.91,-197.08,-172.08,T
n group pa,-96.32,-98.31,-88.15,T
operations,-119.21,-125.47,-108.89,T
eur mn net,-38.76,-40.23,-43.7,P
comptel sl,-75.76,-72.76,-86.8,N
company re,-33.93,-34.11,-32.41,T
boomerange,-170.37,-169.75,-160.62,T
contract c,-155.38,-155.19,-147.4,T
finnish pl,-112.13,-104.77,-120.36,N
exports ac,-65.63,-69.63,-67.47,P
two seller,-155.17,-155.58,-151.38,T
telecom fo,-110.79,-117.03,-107.81,T
lithuanian,-111.08,-121.9,-132.04,P
salcomp ma,-113.34,-111.74,-102.76,T
talentum d,-173.91,-168.07,-163.65,T
million to,-131.78,-128.77,-123.57,T
invention ,-67.05,-65.17,-60.21,T
company s ,-53.23,-61.68,-54.44,P
aldata sol,-132.93,-138.3,-122.54,T
growth str,-93.04,-104.01,-96.96,P
juha haapa,-80.82,-82.89,-77.47,T
service en,-120.35,-121.81,-113.81,T
manufactur,-131.31,-132.09,-126.4,T
unit s cli,-119.43,-123.57,-111.72,T
reductions,-37.91,-38.92,-36.73,T
commission,-47.64,-52.23,-59.65,P
broker sta,-126.49,-126.93,-125.09,T
tieto latv,-157.6,-166.29,-147.04,T
swedish fi,-151.49,-150.24,-141.29,T
company sp,-138.21,-141.24,-134.7,T
finnish el,-181.68,-193.98,-194.56,P
based firs,-217.4,-207.17,-221.37,N
according ,-87.31,-89.69,-84.35,T
expensive ,-52.91,-52.43,-49.36,T
total scop,-85.07,-85.93,-76.19,T
report cap,-65.92,-68.6,-60.03,T
order rela,-59.47,-63.78,-57.93,T
karppinen ,-65.37,-66.76,-64.63,T
january ep,-86.74,-95.72,-87.05,P
operating ,-66.28,-64.46,-86.64,N
financial ,-54.23,-53.76,-46.54,T
total new ,-164.05,-164.14,-146.5,T
argentine ,-127.25,-129.81,-122.78,T
upmkymmene,-141.29,-143.78,-132.09,T
continued ,-134.22,-144.86,-137.8,P
operating ,-67.76,-67.89,-83.9,P
stock pric,-91.5,-96.34,-97.71,P
finnish sc,-163.1,-149.54,-170.09,N
raisio s d,-50.31,-53.81,-54.12,P
los angele,-200.79,-201.12,-189.17,T
facility l,-129.16,-131.55,-119.55,T
defences m,-275.01,-267.79,-252.58,T
video abov,-148.9,-154.66,-139.31,T
order inta,-106.04,-117.66,-127.38,P
according ,-79.28,-80.41,-69.18,T
sellers eo,-63.37,-63.51,-60.62,T
internatio,-51.17,-53.38,-50.5,T
ramirent s,-126.84,-134.1,-143.35,P
last year ,-59.26,-65.9,-70.43,P
needed pro,-72.68,-73.68,-67.43,T
recovery b,-70.38,-78.44,-79.33,P
order incl,-86.39,-92.1,-79.08,T
according ,-95.21,-104.42,-99.92,P
stable out,-170.55,-187.58,-178.99,P
satama tra,-88.74,-90.09,-81.94,T
payment mi,-145.85,-137.88,-141.52,N
company he,-72.86,-72.76,-64.25,T
according ,-140.22,-138.83,-146.73,N
includes e,-68.94,-68.24,-64.04,T
risto raty,-167.37,-168.52,-151.65,T
earlier to,-177.99,-171.59,-188.41,N
aim develo,-51.18,-55.4,-51.37,P
huge proce,-27.63,-29.02,-26.13,T
latvia act,-83.21,-90.2,-78.51,T
group s ne,-55.99,-57.78,-57.26,P
solteq plc,-149.28,-146.62,-130.08,T
cramo head,-120.32,-124.32,-108.63,T
januarynov,-71.72,-69.26,-80.4,N
process pr,-143.72,-149.69,-137.75,T
cardona sl,-82.4,-83.59,-81.97,T
finnish su,-144.19,-151.97,-162.57,P
jarmo honk,-108.83,-115.64,-112.5,P
decision r,-124.19,-128.13,-115.75,T
maximum gr,-173.9,-172.39,-160.42,T
operating ,-42.38,-45.67,-54.66,P
expansion ,-39.17,-42.11,-41.08,P
company s ,-40.98,-41.53,-43.12,P
ruukki s o,-70.25,-80.91,-77.84,P
helsinki o,-187.37,-184.22,-167.16,T
deal subje,-63.47,-63.78,-59.41,T
svyturysut,-133.54,-144.91,-150.97,P
end last w,-134.36,-135.67,-129.11,T
economic o,-71.47,-78.09,-75.03,P
finnish fo,-69.68,-67.53,-73.78,N
re pension,-112.98,-116.02,-105.84,T
orders inc,-82.71,-83.88,-78.38,T
shares sta,-142.12,-156.17,-154.69,P
operating ,-67.73,-64.95,-85.17,N
thanks int,-88.48,-89.11,-87.01,T
target com,-230.43,-236.39,-208.86,T
price raw ,-93.57,-100.92,-96.81,P
significan,-175.9,-188.73,-188.36,P
current ye,-76.22,-80.57,-84.27,P
ssh commun,-66.41,-65.66,-58.1,T
yit lodged,-193.47,-189.41,-195.4,N
financial ,-78.57,-78.64,-75.68,T
company ad,-69.54,-71.55,-70.65,P
net sales ,-53.41,-54.5,-52.41,T
fortum pre,-101.09,-99.37,-95.27,T
new system,-195.09,-196.68,-179.48,T
efore s re,-114.52,-119.27,-124.85,P
according ,-120.2,-129.17,-119.27,T
amer sport,-117.45,-123.57,-115.24,T
lassila ti,-126.28,-118.4,-143.98,N
protalix m,-38.19,-37.88,-37.39,T
ragutis co,-119.03,-129.66,-136.39,P
headquarte,-112.73,-112.56,-104.39,T
operating ,-67.33,-68.01,-85.54,P
tulikivi m,-117.53,-118.92,-111.08,T
pretax pro,-54.65,-58.31,-73.67,P
total valu,-49.66,-53.28,-47.23,T
estimated ,-56.33,-61,-57.35,P
borrower h,-70.29,-72.59,-74.54,P
mr kari st,-99.84,-99.12,-93.42,T
plumbing b,-70.81,-71.26,-68.24,T
dividend p,-60.13,-64.76,-57.72,T
financial ,-88.65,-94.44,-93.78,P
program st,-82.48,-89.58,-77.47,T
equipment ,-224.24,-224.59,-204.18,T
jon risfel,-122.58,-127.15,-118.02,T
coker cran,-176.18,-177.21,-167.64,T
earnings p,-57.64,-62.2,-70.62,P
reporting ,-58.13,-63.25,-67.14,P
sellers in,-79.63,-78.68,-70.06,T
koduextra ,-127.1,-127.09,-120.7,T
split numb,-59.57,-58.54,-52.35,T
tanks deli,-104.67,-106.69,-97.38,T
operating ,-47.42,-41.89,-52.36,N
efficiency,-162.88,-177.12,-180.67,P
subscriber,-185.59,-194.65,-179.01,T
finnish co,-163.45,-175.39,-171.74,P
finnish co,-78.49,-75.11,-84.19,N
once plant,-101.26,-105.84,-98.96,T
total more,-93.29,-93.73,-87.3,T
method sme,-131.58,-130.33,-124.95,T
growth net,-59.98,-57.82,-68.53,N
profit acc,-36.91,-36.96,-43.37,P
pretax pro,-72.07,-79.77,-80.18,P
name buyer,-39,-38.92,-33.78,T
under prel,-81.68,-82.89,-74.73,T
operating ,-53.12,-56.59,-70.56,P
under deal,-91.77,-91.64,-84.22,T
motorola a,-170.03,-173.81,-164.27,T
company cl,-63.36,-66.01,-64.55,P
two thirds,-74,-76.83,-72.37,T
delivered ,-111.15,-112.06,-98.58,T
finnish in,-95.32,-93.02,-103.07,N
audio webc,-89.98,-89.5,-80.56,T
estimated ,-65.08,-67.86,-65.18,P
outotec s ,-153.27,-158.62,-139.89,T
adpnews se,-172.65,-164.42,-172.89,N
affecto pr,-205.44,-211.39,-193.74,T
office spa,-91.29,-92.8,-86.97,T
order valu,-38,-40.65,-39.14,P
basware or,-94.91,-100.22,-90.22,T
previously,-78.27,-81.07,-87.24,P
rapala vmc,-137.87,-145.71,-135.39,T
rubin expe,-64.56,-64.25,-60.27,T
earnings p,-56.59,-61.98,-68.76,P
okhta cent,-80.27,-82.2,-71.68,T
lt operati,-67.84,-67.27,-63.96,T
proha plc ,-196.46,-201.69,-186.33,T
alexandria,-204.82,-207.35,-194.6,T
sale savco,-159.54,-155.39,-156.91,N
value orde,-40.2,-41.67,-38.83,T
q company ,-127.72,-120.61,-149.75,N
want credi,-66.36,-66.55,-60.95,T
consumptio,-35.42,-37.54,-37.35,P
tecnotree ,-201.5,-213.47,-184.61,T
building c,-103.81,-105.31,-93.34,T
ecb mainly,-46.79,-47.44,-44.84,T
quality ch,-110.3,-111.95,-104.03,T
turbines e,-43.93,-44.96,-42.05,T
february f,-151.14,-163.71,-167.07,P
scanfil ex,-55.75,-50.83,-53.52,N
contract c,-121.89,-128.5,-116.2,T
company sp,-69.25,-69.57,-64.91,T
elisa mobi,-114.28,-126.88,-121.35,P
notice ent,-181.29,-182.31,-170.98,T
metso s de,-115.49,-121.78,-105.37,T
one headbo,-155.71,-160.97,-146.85,T
honkaraken,-147.73,-146.67,-143.95,T
halonen s ,-79.71,-78.5,-76.47,T
company en,-118.5,-133.75,-120.53,P
come out d,-99.88,-98.42,-92.57,T
expected o,-27.17,-28.33,-25.05,T
solidium n,-138.3,-139.4,-128.66,T
offices wo,-75.69,-76.39,-73.37,T
airline es,-174.86,-166.27,-182.59,N
salcomp oy,-142.62,-142.39,-161.94,N
investment,-81.83,-88.01,-73.61,T
net sales ,-59.83,-61.72,-74.62,P
maximum ne,-112.23,-113.47,-96.31,T
work assig,-71.95,-71.98,-66.19,T
repurchase,-119.46,-117.1,-107.2,T
sweden gal,-92.92,-92.36,-93.95,N
profitabil,-46.5,-47.36,-56.72,P
rapala aim,-185.22,-189.68,-171.11,T
proposed c,-63.53,-64.76,-58.19,T
eurochem h,-144.84,-155.07,-157.18,P
fl group s,-143.66,-147.45,-137.19,T
finnish pr,-119.58,-119.67,-108.52,T
number col,-73.32,-75.71,-78.97,P
new types ,-211.38,-213.08,-195.79,T
rapala est,-88.38,-92.53,-94.91,P
decisions ,-46.64,-47.04,-45.74,T
swedbank s,-99.43,-94.77,-96.84,N
based hels,-92.55,-92.41,-84.72,T
dopplr mem,-164.26,-168.95,-157.53,T
original n,-140.22,-148.39,-145.69,P
talvivaara,-204.64,-220.05,-200.62,T
under tran,-87.86,-94.52,-81.67,T
both mr wa,-84.41,-87.74,-80.45,T
contract i,-76.77,-78.62,-68.88,T
total talv,-149.11,-152.77,-131.59,T
addition t,-181.97,-187.23,-168.08,T
asset mana,-81.87,-84.2,-78.54,T
creating i,-218.35,-223.9,-211.12,T
first stag,-69.27,-67.16,-63.9,T
sanoma exe,-136.56,-138.28,-124.69,T
kemira hea,-160.45,-167.18,-150.33,T
kaukotelko,-120.72,-122.27,-117.04,T
issues ide,-83.07,-82.89,-77.06,T
finnish pu,-210.27,-211.14,-203.6,T
board dire,-157.44,-160.28,-140.52,T
cba issue ,-76.45,-77.02,-70.19,T
casing com,-251.82,-246.89,-234.4,T
official o,-65.95,-65.86,-62.2,T
kershaw ta,-128.95,-131.74,-124.76,T
stonesoft ,-61.57,-64.47,-65.6,P
outsourced,-185.08,-188.07,-168.51,T
nonrecurri,-54.3,-51.26,-65.67,N
implementa,-127.29,-129.94,-121.33,T
financial ,-44.5,-45.94,-37.99,T
turnover r,-36.56,-41.92,-41.38,P
square met,-101.82,-101.31,-90.79,T
authorizat,-69.26,-68.11,-66.33,T
stock hit ,-84.75,-79.12,-90.18,N
neste ship,-89.7,-92,-90.11,P
acando ab ,-97.94,-90.78,-100.69,N
addition f,-135.97,-140.54,-147.02,P
inventor i,-38.6,-36.98,-35.43,T
main stren,-90.61,-98.83,-93.72,P
bovine sla,-85.11,-84.97,-81.1,T
sinter pla,-184.81,-184.2,-174.22,T
project im,-66.13,-64.76,-61.31,T
talvivaara,-89.68,-90.97,-95.1,P
fourth qua,-66.81,-68.82,-82.45,P
figure inc,-77.38,-79.81,-74,T
employees ,-111.54,-114.32,-113.16,P
estonian t,-206.72,-223.47,-218.83,P
vaalipalve,-64.56,-65.46,-61.49,T
sevenmonth,-114.28,-118.39,-125.37,P
bond value,-51.49,-52.96,-47.88,T
mr koistin,-123.87,-128.76,-112.07,T
customers ,-77.15,-77.52,-68.17,T
sale allow,-164.33,-167.13,-156.25,T
sale compr,-118.37,-118.12,-110.9,T
net invest,-30.53,-31.79,-30.93,P
exel s boa,-110.37,-113.33,-98.52,T
both opera,-96.6,-105.77,-123.63,P
please inf,-180.28,-174.65,-165.81,T
production,-129.2,-138.41,-128.15,T
overall re,-125.14,-135.26,-136.21,P
entire off,-53.56,-55.55,-49.14,T
constructi,-65.39,-70.02,-68.22,P
completed ,-64.05,-64.76,-61.47,T
according ,-97.08,-104.32,-91.84,T
sanoma ann,-60.38,-61.99,-55.32,T
both opera,-79.28,-86.57,-101.55,P
result tra,-88.58,-88.77,-81.03,T
profit bef,-69.4,-62.13,-78.09,N
stead bein,-117.32,-117.54,-110.96,T
according ,-105.61,-113.13,-110.16,P
markets co,-91.7,-93.18,-86.07,T
around red,-63.94,-64.76,-59.16,T
annual rep,-121.96,-123.58,-108.38,T
electricit,-66.66,-72.99,-63.93,T
nokia mess,-144.28,-152.07,-136.2,T
finnish li,-179.25,-193.02,-198.4,P
previous o,-53.51,-53.54,-46.96,T
include so,-168.35,-171.36,-149.83,T
russian me,-128.03,-125.21,-118.37,T
reporting ,-170.18,-177.23,-173.78,P
turned ear,-77.38,-80.39,-92.85,P
ministry w,-194.09,-210.45,-209.95,P
finnish gl,-146.6,-152.36,-158.44,P
comparable,-65.8,-60.57,-80.65,N
odell cont,-54.7,-54.51,-49.14,T
newlycompl,-144.64,-147.74,-142.05,T
cost deal ,-99.93,-106.79,-94.1,T
stora enso,-98.96,-104.69,-93.82,T
currently ,-87.6,-89.91,-85.72,T
mformation,-170.35,-183.59,-168.43,T
jan ford s,-118.73,-109.58,-124.22,N
nyrstar ag,-161.29,-177.68,-173.19,P
okmetic cl,-145.67,-143.58,-128.8,T
company pl,-104.94,-105.89,-98.79,T
firm s ser,-132.9,-138.58,-123.46,T
fcc chairm,-177.1,-180.62,-168.59,T
new activi,-53.15,-52.78,-48.3,T
incap expe,-42.95,-44.38,-43.22,P
operating ,-64.34,-59.06,-77.32,N
board esta,-202.34,-201.24,-182.37,T
renesas mo,-70.1,-72.08,-61.6,T
repair mai,-73.35,-79.59,-81.8,P
demand fir,-65.86,-64.25,-68.29,N
company di,-59.77,-62.97,-56.55,T
showcase e,-158.69,-163.7,-150.31,T
operating ,-43.95,-45.67,-55.36,P
hosting mo,-158.89,-159.97,-151,T
neverthele,-106.8,-109.43,-102.61,T
correnspon,-71.75,-72.38,-64.64,T
company s ,-119.89,-124.24,-107.97,T
company s ,-66.02,-62.3,-70.74,N
operating ,-57.14,-53.72,-68.99,N
motorola i,-194.41,-197.59,-185.31,T
period s s,-91.31,-89.15,-94.96,N
webmarela ,-137.06,-137.75,-131.74,T
customers ,-137.31,-135.96,-127.02,T
operating ,-42.38,-44.06,-51.99,P
name newsp,-88.04,-86.44,-80.97,T
according ,-188.22,-196.93,-174.18,T
fair value,-117.7,-115.94,-118.55,N
activities,-89.35,-90.2,-79.72,T
previously,-53.09,-51.08,-54.23,N
aldata sol,-256.75,-258,-232.89,T
stockholmb,-175.66,-175.72,-163.33,T
names rele,-30.12,-29.02,-27.27,T
huhtamaki ,-168.93,-169.1,-155.97,T
atria buy ,-108.18,-108.01,-103.19,T
trade acco,-50.45,-52.26,-46.72,T
altogether,-64,-58.66,-64.61,N
company ex,-66.68,-69.57,-63.21,T
product po,-99.17,-101.6,-95.73,T
net intere,-52.45,-55.24,-63.7,P
mr vasanth,-100.48,-106.25,-93.25,T
omeo emplo,-88.82,-87.35,-89,N
insurance ,-37.4,-37.54,-37.04,T
provide he,-77,-79.19,-73.94,T
constructi,-91.79,-97.81,-85.38,T
basware in,-180.38,-190.6,-168.59,T
annual rep,-87.7,-86.82,-76,T
europe nee,-57.68,-62.68,-56.4,T
dirk jones,-173.47,-189.48,-181.21,P
ssh establ,-215.23,-218.17,-202.43,T
finnish go,-156.69,-170.96,-162.72,P
replay ava,-110.67,-109.96,-102.97,T
objective ,-82.46,-89.06,-79.28,T
storengy g,-92.5,-90.47,-84.03,T
alfa group,-82.27,-83.96,-75.39,T
eero kataj,-123.55,-123.14,-113.69,T
net income,-121.61,-131.85,-150.6,P
estimated ,-87.83,-86.01,-92.54,N
hull vesse,-131.91,-134.57,-122.05,T
conference,-139.4,-137.53,-125.81,T
finland la,-147.4,-149.29,-143.86,T
unit costs,-55.14,-54.62,-58.61,N
bertrand s,-90.95,-90.03,-76.82,T
tecnomen s,-183.1,-195.05,-165.55,T
insurance ,-45.32,-48.32,-47.84,P
finnish fo,-95.89,-98.72,-89.96,T
aim ceo s ,-114.01,-120.12,-110.78,T
soon colli,-37.62,-38.92,-36.14,T
difference,-93.22,-92.98,-89.86,T
biggest se,-122.04,-119.52,-113.73,T
first quar,-72.05,-75.94,-86.68,P
sales finl,-95.87,-85.48,-92.34,N
total floo,-69.64,-72.3,-62.55,T
profit per,-42.51,-41.88,-54.89,N
value mult,-55.5,-59.08,-57.46,P
operating ,-69.05,-69.89,-80.24,P
finland s ,-81.19,-74.15,-80.74,N
marketing ,-92.21,-94.84,-85.64,T
blyk launc,-77.28,-78.7,-72.98,T
ahlstrom s,-64.23,-61.92,-57.62,T
net profit,-36.25,-37.37,-41.65,P
potential ,-154.06,-154.69,-143.14,T
absolut ba,-62.98,-63.66,-61.75,T
company pr,-71.04,-70.26,-68.04,T
group post,-71.32,-72.74,-79.69,P
devices la,-58.13,-60.2,-54.64,T
earnings p,-60.66,-57.22,-68.68,N
s group s ,-158.89,-159.87,-152.08,T
kemira s p,-72.21,-77.81,-68.9,T
finnish so,-141.93,-143.05,-149.51,P
investment,-108.98,-119.04,-116.01,P
jrvisuomen,-74.14,-75.07,-71.4,T
contract i,-68.67,-72.08,-61.58,T
following ,-91.66,-91.34,-83.28,T
finnlines ,-99.89,-96.92,-97.56,N
ollipekka ,-93.15,-92.1,-83.36,T
systeemiti,-78.13,-83.51,-82.92,P
profit bef,-93.25,-86.97,-110.69,N
few months,-159.06,-156.77,-150.07,T
pretax pro,-47.08,-49.91,-57.19,P
combined v,-42.3,-43.5,-43.13,P
shares sub,-72.35,-70.88,-63.14,T
operating ,-53.12,-56.59,-70.56,P
pohjola co,-79.14,-82.49,-74.23,T
report exa,-140.76,-146.27,-129.8,T
company em,-92.89,-95.91,-88.12,T
helsinki a,-165.24,-170.02,-155.55,T
bank s lea,-88.05,-89.97,-90.08,P
iso certif,-77.42,-83.88,-81.35,P
megawatt w,-124.02,-125.24,-113.23,T
share tran,-92.56,-98.86,-86.16,T
market mak,-58.3,-60.62,-54.55,T
com possib,-47.08,-47.04,-45.24,T
january fi,-179.81,-188.74,-195.67,P
roshan s n,-53.49,-54.93,-55.43,P
point spre,-48.18,-48.13,-47.73,T
food trade,-57.84,-54.98,-60.23,N
paper mill,-87.92,-91.7,-83.19,T
initial es,-75.6,-76.61,-72.29,T
net sales ,-54.18,-59.35,-60.3,P
fixed acqu,-111.67,-116.57,-106.49,T
sanoma new,-61.93,-57.96,-63.23,N
kesko offe,-109.18,-110.41,-102.93,T
during ral,-126.71,-124.7,-121.5,T
annual gen,-177.2,-176.13,-158.21,T
measures r,-101.85,-103.23,-95.71,T
alma media,-170.77,-172.11,-155.38,T
companies ,-64.25,-64.47,-60.8,T
six agreem,-132.23,-141.9,-126.04,T
payment da,-38.31,-36.03,-33.67,T
pretax pro,-43.92,-47.38,-57.78,P
bank poste,-48.77,-47.36,-51.93,N
aim annual,-97.79,-105.92,-105.26,P
economic d,-233.55,-233.65,-219.88,T
company re,-70.63,-71.36,-67.87,T
runway vis,-105.36,-98.73,-96.91,T
number cus,-86.49,-88.7,-78.47,T
amount inc,-48.58,-46.75,-45.33,T
filter use,-109.81,-110.52,-103.09,T
following ,-106.77,-110.68,-105.74,T
action fol,-142.99,-143.35,-128.99,T
payment sh,-56.37,-54.25,-48.64,T
same time ,-65.74,-68.2,-73.7,P
nordea che,-51.04,-51.97,-48.92,T
apart nord,-108.73,-108.33,-100.67,T
finnish ra,-114.05,-112.9,-110.14,T
contract a,-59.36,-59.56,-58.4,T
iso omena ,-106.8,-105.21,-98.12,T
latin amer,-131.6,-136.56,-123.88,T
adp news n,-181.83,-191.44,-204.63,P
diluted ea,-60.66,-61.1,-72.13,P
financial ,-35.48,-35.34,-31.2,T
merger bet,-60.83,-60.11,-59.8,T
swedbank h,-107.5,-106.38,-97.83,T
orion s ne,-99.22,-95.84,-111.83,N
both opera,-96.6,-105.77,-123.63,P
net sales ,-47.44,-44.65,-52.1,N
talks invo,-89.5,-94.33,-84.01,T
savings fu,-43.98,-46.34,-44.04,P
inventors ,-78.01,-75.76,-75.91,N
upm talkin,-186.47,-189.4,-173.91,T
july marke,-74.81,-78.46,-71.24,T
sukhraj du,-196.44,-193.38,-189.24,T
nordea ban,-77.01,-81.78,-70.58,T
pentikinen,-94.46,-91.14,-86.66,T
tightened ,-95.26,-90.72,-93.21,N
fine print,-38.6,-38.92,-36.73,T
public ser,-34.61,-38.23,-30.69,T
price kroo,-83.34,-80.12,-74.09,T
company ob,-90.91,-95.9,-97.06,P
recent int,-186.42,-187.58,-175.19,T
deal inclu,-112.07,-112.62,-96.78,T
valmet aut,-72.51,-71.86,-83.37,N
finnish li,-131.24,-140.44,-152.22,P
net income,-102.9,-111.72,-124.61,P
operating ,-46.59,-41.82,-54.66,N
employer t,-110.95,-111.22,-106.31,T
performanc,-45.18,-45.24,-44.08,T
takeover c,-84.94,-96.11,-87.78,P
tower s en,-241.5,-243.36,-227.87,T
national s,-145.97,-146.55,-138.49,T
options in,-75.53,-73.68,-66.86,T
order incl,-66.81,-70.8,-68.4,P
inventors ,-78.01,-75.76,-75.91,N
amanda cap,-104.2,-106.84,-95.57,T
intel atom,-186.7,-200.42,-199.41,P
process te,-131.11,-134.88,-123.9,T
secondquar,-57.69,-56.13,-59.71,N
report ema,-59.27,-61.07,-54.8,T
earnings p,-53.16,-50.53,-62.04,N
complete n,-176.43,-173.23,-156.44,T
huge bridg,-77.48,-81.45,-72.6,T
location m,-137.55,-144.19,-143.49,P
size cider,-57.06,-55.55,-53.99,T
risk expos,-193.35,-199.26,-189.65,T
time nokia,-132.29,-137.73,-127.98,T
mn pretax ,-54.59,-53.72,-69.14,N
poyry s ne,-68.15,-69.94,-69.02,P
estimated ,-159.22,-157.48,-147.68,T
estonia s ,-138.24,-136.77,-134.76,T
