The three year turn-around program is expected to ensure Salomon 's future competitiveness  the company said .,positive
At the end of March 2009  the company 's loans amounted to EUR 10.113 mn .,neutral
Brazilian mobile player Telemig Celular yesterday announced that it has selected Finnish software developer Tecnomen Oyj to expand its prepaid billing system .,positive
`` UPM 's deliveries increased during the third quarter by 4 percent  and the efficiency of operations improved  '' Chief Executive Jussi Pesonen said .,positive
( ADP News ) - Feb 11  2009 - Finnish wood products technology supplier Raute Oyj ( HEL : RUTAV ) said today its net profit decreased to EUR 4.7 million ( USD 6.1 m ) for 2008 from EUR 6.6 million for 2007 .,negative
Thus the group 's balance sheet will have about EUR25 .8 m in goodwill for 2010  the company added .,neutral
Teollisuuden Voima Oyj  the Finnish utility known as TVO  said it shortlisted Mitsubishi Heavy s EU-APWR model along with reactors from Areva  Toshiba Corp.  GE Hitachi Nuclear Energy and Korea Hydro & Nuclear Power Co. .,neutral
The value of the order is EUR 700000 .,neutral
Comparable operating profit for the quarter decreased from EUR510m while sales increased from EUR860m  as compared to the third quarter 2007 .,negative
Net loss in the same period in 2009 was euro18 .6 million .,neutral
According to the prosecutor  the share transactions were carried out after HK Ruokatalo had proceeded in the negotiations concerning the acquisition of Swedish Meats .,neutral
EUR928 000 in Q1 2010 6 May 2010 - Finnish textile and clothing design company Marimekko Oyj ( HEL : MMO1V ) said today its net profit rose to EUR928 000 in the first quarter of 2010 from EUR13 000 in the corresponding period a year earlier .,positive
The presentation material can be viewed on the company 's website in English after the conference .,neutral
1 p.m. Central office of Nordea Bank 19 3-ya ulitsa Yamskogo Polya  Building 1 Telephone : 495 777-34-77 ext. 3932  3931 03.02.2011 Unimilk - EGM 03-04 .02.2011 XVI international business-summit Food Business Russia 2011 will take place .,neutral
Kaupthing forecasts that Finnish-Swedish Stora Enso will close its mill in Reisholz  in Germany .,neutral
The fair value of the property portfolio doubled as a result of the Kapiteeli acquisition and totalled EUR 2686.2 1259.7 million .,positive
The buildings  with about 40 condominiums each  will be built in 4 or 5 stages .,neutral
The Board of Directors proposes to the Shareholders ' Meeting on 18 March 2010 that the company would pay dividend for the financial year January 1 - December 31  2009  EUR 0.02 per share .,neutral
COPYRIGHT AFX News and AFX Financial News Logo are registered trademarks of AFX News Limited,neutral
The Group 's revenue in 2008 amounted to EUR 94 million and the company currently employs approximately 730 people .,neutral
The contracts between Raute Corporation and Muling Kemian Wood Products Co.  Ltd.  which were announced on 3 November 2010  have taken effect .,neutral
CapMan said the deal 's effect on its cash flow for 2009 totals EUR3 .4 m  but the transaction would not affect its financial results for 2009 as it was executed at fair value .,neutral
The company 's share is listed in the Mid Cap segment of the NASDAQ OMX Helsinki .,neutral
The Finnish supplier of BSS-OSS and VAS for telecom operators  Tecnotree  has received expansion orders worth a total US$ 7.3 mn for its convergent charging and next generation messaging solutions in Latin America  the company announced without specifying which operators had placed the orders .,positive
At 10.33 am  Huhtamaki was the market 's biggest faller  8.69 pct lower at 11.35 eur  while the OMX Helsinki 25 was 0.32 pct higher at 3332.41  and the OMX Helsinki was up 0.47 pct at 11687.32 .,negative
Stora Enso Oyj said its second-quarter result would fall by half compared with the same period in 2007 .,negative
The remaining amount will be funded through debt  the Danish bank said .,neutral
The company expects its net sales for the whole of 2007 to be EUR 950mn-1 000 mn .,neutral
The company 's profit before taxes fell to EUR 21.1 mn in the third quarter of 2008  compared to EUR 35.8 mn in the corresponding period in 2007 .,negative
The natural source of isoprene is the tree species Hevea brasiliensis  also known as the rubber tree .,neutral
Among other industrial stocks  Metso added 0.53 pct to 40.04 eur  Wartsila B was down 0.77 pct at 47.87 eur and Rautaruukki K was 1.08 pct lower at 37.56 eur .,neutral
The Finland-based company says it will move into an existing 260000-square-foot facility in September .,neutral
Catalysts segment includes refinery catalysts and polyolefin catalysts product categories .,neutral
In Finland  the city of Forssa has said it will not pay compensation to food industry companies HK Ruokatalo and Atria for the lye leak into tap water that occurred in March 2008 .,negative
Also  Westpac is to issue a benchmark  18 month FRN deal in Euros .,neutral
`` Last year  Finnair recorded a 32.6-percent growth on the Asian sector  carrying more than 1.10 million passengers between the two continents . '',positive
The reductions will be implemented mainly in the course of the first half of 2009 .,neutral
The company had net sales of EUR 10.8 million in 2008  and today has approximately 120 employees in Finland  Estonia and Poland .,neutral
EUR 152.4 mn of this was net interest income .,neutral
Suominen Corporation estimates that the cost-cutting program that started in autumn 2005  higher sales prices  and expected growth in volume of Wet Wipes  will make the company 's operations more profitable .,positive
Danske Bank A-S DANSKE DC jumped 3.7 percent to 133.4 kroner  rebounding from yesterday s 3.5 percent slide .,positive
Operating profit rose to EUR 4.7 mn from EUR 4.6 mn .,positive
Elcoteq SE is Europe 's largest contract electronics maker and has set up a unit in Bangalore in association with Avista Advisory of Mumbai .,neutral
The contract consists of a new building with an area of 18000 sq m and renovation of the existing buildings .,neutral
HELSINKI Thomson Financial - Shares closed little changed  with Cargotec and Huhtamaki dropping sharply on disappointing second-quarter reports .,negative
The OMX Helsinki 25 index was up 0.92 pct at 2518.67 and the Helsinki CAP portfolio index was 0.91 pct higher at 4711.19 .,positive
Many of the commercial vessels had got stuck in the narrow Bay of Bothnia  where the ice is thicker  and around the Aaland islands .,negative
At 12.01 pm  the OMX Helsinki 25 was down 0.66 pct to 3143.57 and the OMX Helsinki was 0.67 pct lower at 10530.74 on 253 mln eur turnover .,negative
Tieto 's service is also used to send  process and receive materials related to absentee voting .,neutral
Deliveries by Outotec will take place over 30 months .,neutral
Vaahto Pulp & Paper  of Finnish Vaahto Group  has been awarded an order to renovate Finnish-Swedish forest industry company Stora Enso 's paperboard machine at the Ingerois Board Mill in Finland .,positive
The shares shall be repurchased through public trading  for which reason the shares are repurchased otherwise than in proportion to the holdings of the shareholders .,neutral
Passenger-related revenue rose by 5.1 % to EUR 460.8 mn from EUR 438.5 mn in 2009 .,positive
The webcast may be followed online on the company website at www.ruukki.com/investors .,neutral
Operating profit of operations in Finland in the period under review totaled EUR 11.3 mn  remaining at the 2005 level .,neutral
Saunalahti is a part of the Elisa group .,neutral
The board machine  which will have a wire width of 6.25 m and a design speed of 900 m-min  will produce close to 1400 tonnes of folding boxboard per day .,neutral
Finnair believes the strike will cause it daily net losses in excess of EUR 2mn due to canceled reservations and passenger re-routing .,negative
Travel expenses would be reimbursed in accordance with the travel policy of the company .,neutral
The transaction doubles Tecnomens workforse  and adds a fourth to their net sales .,positive
Loudeye Corp.  up $ 2.56 at $ 4.33 Nokia Corp.  down 10 cents at $ 19.46 Nokia agreed to buy the digital music distributor for $ 60 million .,neutral
He is resting comfortably and is looking forward to getting back to work . '',neutral
Based upon its unique fiber expertise and innovative approach  the company has a strong market position in several business areas in which it operates .,positive
`` The change will optimize the operational efficiencies of our growing business  '' said Julia Prohaska  director of marketing communications for Fiskars .,positive
The total scholarship amount was 40000 euros and the recipients were chosen on the recommendation of fine arts universities and sports associations .,neutral
Operating profit fell to EUR 38.1 mn from EUR 55.3 mn in 2007 .,negative
HK Ruokatalo produces many turkey products  such as cold cuts .,neutral
For 2009  net profit was EUR 3 million and the company paid a dividend of EUR 1.30 apiece .,neutral
Our customers come from the following countries : UK  USA  Spain  France  Italy  Germany  China  Sweden  Norway  Netherlands  Austria  Belgium  Switzerland  Czech Republic  Serbia  Finland  Canada  Russia  Ukraine  Portugal  Denmark  Ireland  South Korea  Estonia and Liechtenstein .,neutral
( ADP News ) - Nov 28  2008 - Finnish power-supply solutions provider Efore Oyj ( OMX : EFO1V ) announced today the launch of OPUS DC  the latest power system in its OPUS product line .,positive
Operating profit totaled EUR 9.4 mn  down from EUR 11.7 mn in 2004 .,negative
Finnish and Swedish construction markets are still experiencing an estimated 4 % annual growth in 2008 .,positive
Finnish messaging solutions developer Tecnomen Corporation ( OMX Helsinki : TEM1V ) said on Thursday ( 11 December ) that it has received an expansion order for its Convergent Charging solution in Latin America .,positive
Operating profit excluding non-recurring items increased by 27 % to EUR 81.9 mn from EUR 64.4 mn in the corresponding period in 2008 .,positive
The currency effect had a 3.0 pct  or 20 mln euro ( $ 31.3 mln )  negative impact on the revenue .,negative
SHARE REPURCHASE 11.01.2008 In the Helsinki Stock Exchange On behalf of Sampo plc Danske Bank A-S Helsinki Branch,neutral
The Americas represents 25 % of Gemalto 's billing  and Latin America is one of the fastest growing regions for the company .,neutral
A total of 185 Wonderware Certified SIs are available to integrate and support Wonderware products such as InTouch -« HMI software  IndustrialSQL Server historian  Wonderware Information Server  DT Analyst software or QI Analyst SPC software .,neutral
Teleste and Sentry 360 have formed an integration partnership between Sentry s advanced 360-degree immersive camera product line and Teleste s enterprise video management systems .,positive
In August-October 2010  the company 's result before taxes totalled EUR 9.6 mn  up from EUR 0.5 mn in the corresponding period in 2009 .,positive
The center offers a comprehensive range of device design services spanning from electronics  mechanics and software design to a full range of testing laboratory services .,neutral
The first phase of the logistics complex envisages the completion of some 70000 sq m of logistics premises and the gatehouse building in November 2008 .,neutral
You need to be ready when the window opens up  Rosberg said .,neutral
EPS dropped to EUR0 .2 from EUR0 .3 .,negative
Profit for the period totalled EUR 1.1 mn  down from EUR 1.6 mn in the third quarter of 2008 .,negative
Return on investment was 5.0 %  compared to a negative 4.1 % in 2009 .,positive
The value of the three-year contract is estimated at EUR40m .,neutral
Vanhanen said the strike would be `` extremely damaging '' as some 1300 participants and reporters begin to arrive in Finland for the one-day EU summit with Russian President Vladimir Putin in Lahti  about 100 kilometers ( 60 miles ) north of Helsinki .,negative
Return on capital employed ROCE was a negative 2.3 % compared to 11.3 % in 2007 .,negative
Operating profit totalled EUR 30.2 mn  down from EUR 43.8 mn a year earlier .,negative
That address also happens to house Italian megamart Eataly  meaning that `` Come on  kids  we 're going to the Toy Building ! '',neutral
The scope of the project is to find the most cost-efficient method for phosphorous removal and to deliver the storing and dosing equipment  which can be used in continuous operation at the plants .,neutral
The airline has ordered nine Airbus A350-900 aircraft with deliveries from 2011  and in doing so becomes the lead airline for the latest variant of Rolls-Royce Trent series engines  called the 1700 .,positive
Water Treatment Products In Australia Today  Global Research & Data Services is going to publish a market analysis about the market for chemical water treatment products in Australia .,neutral
Metsaliitto  however  narrowed its net loss for the second quarter of 2007 to 5.0 mln euro $ 6.9 mln from 61 mln euro $ 83.7 mln a year ago .,positive
Nokia will continue to invest in future development of Qt  and Digia will be responsible for commercial licensing and services business .,neutral
CEO Erkki J+ñrvinen is happy with the company 's performance in 2010 .,positive
Weber convinced his friend Ray Ostrom  who owned a Lake Street sporting goods store  to sell the lures .,neutral
Also  a six-year historic analysis is provided for this market .,neutral
"Bilfinger investors cheered the agreement  pushing shares up 7 %  or & euro , 3.30  to & euro , 50.29  in afternoon trade .",positive
The company did not disclose the price of the acquisition .,neutral
Participants at any of the book discussions or other special events  or visitors to the car dealership were eligible to enter the drawing for the 2005 silver  four-door Altima .,neutral
The maximum obligated total trades per day is ISK 400000000 market value .,neutral
Addus ' services include personal care and assistance with activities of daily living  skilled nursing and rehabilitative therapies  and adult day care .,neutral
In a media advisory  the NTSB said that after subsequent testing  `` the train detection system intermittently failed . '',negative
ALEXANDRIA  Va.  Oct. 6 -- United States Patent no. 7804288  issued on Sept. 28  was assigned to Vacon Oyj ( Vaasa  Finland ) .,neutral
Operating profit for the nine-month period increased from EUR3 .1 m and net sales increased from EUR61 .5 m  as compared to the corresponding period in 2007 .,positive
`` Of course  we are in talks with all those coming up with new projects that involve material handling  '' Konecranes President and CEO Pekka Lundmark said  when asked whether it was talking to Reliance Industries for supplying equipment to its upcoming refinery in Jamnagar .,neutral
We make available the following brand-new market analyses : Cement - UK Cement - Poland Cement - Belgium These analyses give a clear overview of the actual situation and future outlook of the cement industry in some European countries .,neutral
20 October 2010 - Finnish environmental management company Lassila & Tikanoja Oyj HEL : LAT1V  or L&T  said Monday it expects its operating profit  excluding non-recurring items  for the whole 2010 to be slightly lower than in 2009 .,negative
Currently  95 % of Trainers House 's revenues are attributed to the Finnish market .,neutral
Shareholder 's full name and ID code : - Petri Ailus  born 15.9.1966 For further information  please contact Isto Hantila  CEO  tel. +358 9 591 8342 .,neutral
The shares represented 4.998 % of total share capital and 2.14 % of total voting rights .,neutral
Pre-tax profit totaled EUR 397.4 mn  up from EUR 164.7 mn .,positive
In sales volume  Coca-Cola 's market share has decreased by 2.2 % to 24.2 % .,negative
cents The profile contains business operations  the company history  major products and services  prospects  key competitors  structure and key employees  locations and subsidiaries .,neutral
The handset maker did not disclose any financial details .,neutral
The share capital of Alma Media Corporation business ID 1944757-4 is EUR 44767513.80 and it is divided into 74612523 shares .,neutral
Luxembourg-registered investment fund Amber Trust II has won the final approval of Lithuania 's Competition Council to acquire 29.6 percent of Sanitas  the country 's largest pharmaceutical producer .,positive
1 February 2011 - Finnish textile and clothing company Marimekko Oyj HEL : MMO1V said today its preliminary operating profit grew to EUR8 .2 m in 2010 from EUR6 .3 m in 2009 .,positive
Operating profit excluding non-recurring items was EUR 7.8 million compared to EUR 11.2 million .,negative
In the end of 2006  the number of outlets will rise to 60-70 .,positive
Marimekko is considering further measures in the matter .,neutral
Finnish silicon wafers maker Okmetic Oyj said on September 17  2008 that it will invest a total of 15 mln euro $ 21.3 mln in its sensor wafer business .,neutral
The company said shareholders will be able to vote on the agreement at an EGM scheduled for later this month .,neutral
Finnish Bank of +àland +àlandsbanken has issued a profit warning .,negative
Finnish Food Workers ' Union SEL plans to hasten its collective bargaining with a two-day strike that would begin on 7 April 2010  in Finland .,negative
`` After the share purchase is completed  financing will also be provided to expand Latvia 's broadband infrastructure and to develop new areas of business  including acquisitions of other companies . '',positive
LCS 's services cover the whole life cycle of software and information systems  from process modelling and tailored software development  to hosting services  solution management  maintenance and support .,neutral
In Finland  Alma Media will focus on quality and developing chain operations .,neutral
Von Koskull will oversee a new unit of Nordea  which brings together corporate merchant banking  financial institutions and capital markets products divisions .,neutral
The increase range will vary up to 10 % .,neutral
Taking a cue from the playbook of the East Dillon Lions  we 've created a special team of heavy-hitting style players  such as boot-cut jeans  tummy tops and  of course  cowboy boots .,neutral
YIT 's Baltic sales in the first three quarters of 2008 totaled 106.2 million euros  representing a drop of 29 percent year on year .,negative
The fair value of the company 's investment properties grew to EUR 2.803 billion at the end of March 2009 from EUR 2.691 million a year ago .,positive
In addition to supplying a new headbox and a modern sizing and coating unit  Vaahto Group will provide erection supervision  training and start-up services .,neutral
`` Our customer has been satisfied with Basware Invoice Automation solution and extends the implementation to new geographies .,positive
11 August 2010 - Finnish measuring equipment maker Vaisala Oyj HEL : VAIAS said today that its net loss widened to EUR4 .8 m in the first half of 2010 from EUR2 .3 m in the corresponding period a year earlier .,negative
Following the demerger  the vice president of the group 's pharmaceutical trade in Finland  Jukka Niemi  will be appointed managing director of Oriola in addition to his current responsibilities .,neutral
The acquired plant has an annual capacity of some 300000 tonnes and most of its production is sold to domestic customers .,neutral
The company confirmed its estimate for lower revenue for the whole 2009 than the year-ago EUR93 .9 m as given in the interim report on 5 August 2009 .,negative
Airbus will attempt to evacuate up to 873 people within 90 seconds .,neutral
LLC  a voice and data management solution provider to wireless companies with operations worldwide  will be transferring its U.S. deployment operations to the Finnish mobile giant  which includes civil works and site acquisition services .,neutral
Commission income decreased to EUR 3.8 mn  compared to EUR 4.6 mn in the third quarter of 2007 .,negative
Nordea Bank AB publ holds 6.000 Alma Media shares  representing 0.008 % of share capital and voting rights .,neutral
The pulp production in Finnish Kemij+ñrvi will also be liquidated and about 1100 employees loose their jobs .,negative
Panostaja did not disclose the purchase price .,neutral
10 February 2011 - Finnish media company Sanoma Oyj HEL : SAA1V said yesterday its 2010 net profit almost tripled to EUR297 .3 m from EUR107 .1 m for 2009 and announced a proposal for a raised payout .,positive
Nokia said it still expects to sell 150 more million Symbian devices in years to come  giving an indication of how it expects the Phone 7 handoff to work .,neutral
Ahlstrom  headquartered in Helsinki  Finland  is a global company involved in the development  manufacture and marketing of high performance fibre-based materials .,neutral
Finnish construction group Lemminkainen Oyj HEL : LEM1S said today it has won a contract to provide technical services for the Nevsky Centre shopping mall to be opened in November in St Petersburg  Russia .,positive
- Profit before taxes was EUR 105.9 82.7 million .,neutral
Operating result including non-recurring items rose to EUR 146mn from a loss of EUR 267mn in 2009 .,positive
We are pleased to invite you to join M-real 's international conference call at 3:00 p.m. EET .,neutral
Panostaja  headquartered in Tampere  Finland  is an investment company focusing on small and medium-sized Finnish companies operating in the traditional industries .,neutral
At this stage  a maximum of 60000 Tulikivi Series A shares will be acquired  representing about 0.16 per cent of the company -¦ s shares outstanding .,neutral
Yakima created the position for him after emerging from economic downturns of its own .,neutral
( ADPnews ) - Feb 3  2010 - Finland-based steel maker Rautaruukki Oyj ( HEL : RTRKS )  or Ruukki  said today it slipped to a larger-than-expected pretax loss of EUR 46 million ( USD 64.5 m ) in the fourth quarter of 2009 from a,negative
The approximately 20000 dwt vessel has been ordered from India .,neutral
TeliaSonera TLSN said the offer is in line with its strategy to increase its ownership in core business holdings and would strengthen Eesti Telekom 's offering to its customers .,positive
According to Tiimari  consumers are advised to cut away the rabbits bow tie that contains the formadehyde and dispose of it .,neutral
Incap Contract Manufacturing is a subsidiary of Incap Corporation of Finland .,neutral
`` Following last year 's good profit development  we have entered the current year in a good position .,positive
Operating profit before non-recurring items was EUR 8.3 mn in the first nine months of 2008  compared to EUR 8.4 in the corresponding period in 2007 .,negative
The total investment of the project will be approximately EUR 36m .,neutral
Finnish high technology provider Vaahto Group reports net sales of EUR 41.8 mn in the accounting period September 2007 - February 2008  an increase of 11.2 % from a year earlier .,positive
The company also said that it will sell approximately 150 hectares of land to the city of Valkeakoski by the end of the year a part of its `` From job to job '' program .,neutral
( A spokesperson told WWD to expect a 50-50 mix of clothing and home decor . ),neutral
The company  which makes garden tools  scissors and other consumer goods  said earnings were boosted by 6.9 mln eur of income it received from its 16.7 pct shareholding in Finnish engineering group Wartsila .,positive
LONDON MarketWatch -- Share prices ended lower in London Monday as a rebound in bank stocks failed to offset broader weakness for the FTSE 100 .,negative
According to Gallup Food and Farm Facts  beef consumption totaled 99mn kilos in Finland in 2007 .,neutral
ALEXANDRIA  Va.  Oct. 15 -- Aaron Moss of Hampshire  Great Britain  has developed an ornamental design for a handset  the U.S. Patent & Trademark Office announced .,neutral
Finnish waste management and cleaning group Lassila & Tikanoja Oyj ( L&T ) net profit went down to 32.2 mln euro ( $ 47.7 mln ) for 2007 from 35.3 mln euro ( $ 52.3 mln ) for 2006 .,negative
In the second quarter of 2010  the group 's pretax loss narrowed to EUR 400000 from EUR 600000 .,positive
The trucks feature an Eco Drive system - a fuel measuring tool which stores data particular to individual drivers .,neutral
Electronic versions require 24-48 hours as each copy is customized to the client with digital controls and custom watermarks .,neutral
The order includes a steel frame  load-bearing roof structures and partition wall elements  and Rautaruukki said it expects to complete installation as early as May next year .,neutral
shock phase '  consumers have once again started to plan and implement building projects .,neutral
The broad-based WIG index ended Thursday 's session 0.1 pct up at 65003.34 pts  while the blue-chip WIG20 was 1.13 down at 3687.15 pts .,neutral
Due to rapid expansion  the market share of Tallink in terms of passenger carriage through Tallinna Sadam Port of Tallinn totaled 55 percent in November against 45.7 percent in November 2005 .,positive
Arto Ryymin  born 1964  will replace Juhani Kaisanlahti who has worked as acting EVP  Healthcare & Welfare since August 2007 .,neutral
Rapala said it estimates it will make savings of 1-2 mln eur a year by centralising its French operations at one site .,positive
The value of the order is EUR 4mn .,neutral
The Finnish textiles and clothing company Marimekko Corporation ( OMX Helsinki : MMO1V ) reported on Wednesday ( 5 November ) an operating profit of EUR8 .1 m on net sales of EUR59m for the period from January to September 2008 .,neutral
All are welcome .,neutral
Microsoft last week also issued the first patch for the Windows 7 operating system beta it had released days earlier .,neutral
A total 30 % of the order value was booked in the fourth quarter of 2009 and the remainder will be booked in the second quarter of 2010 .,neutral
The value of the total investment is about EUR 600mn .,neutral
Commenting on the deal  Shane Lennon  SVP of Marketing & Product Development at GyPSii said : ?,neutral
London 's leading shares today jumped almost 100 points  or 1.7 %  as the market opened .,positive
The company will also be compensated for acting as a reserve batch plant .,positive
The new chain has 700 discount stores and 250 supermarkets .,neutral
Deliveries will start in the second half of 2007 and the start-up of the mill is scheduled for 2008 .,neutral
In 2009  KONE had annual net sales of EUR 4.7 billion and approximately 34000 employees .,neutral
Operating profit excluding non-recurring items totaled EUR 5.4 mn compared to EUR 5.5 mn in the corresponding period in 2007 .,negative
An EU law on the issue may be introduced around 2010 .,neutral
According to Finnish FIM Bank  Alpro 's price would be around EUR 100mn-150mn .,neutral
ADP News - Feb 13  2009 - Finnish retailer Kesko Oyj HEL : KESBV said today its total sales  excluding value added tax VAT  stood at EUR 661.3 million USD 853.1 m in January 2009  down 15.2 % year-on-yea,negative
Operating profit rose to EUR 1.6 mn from EUR 1.1 mn in the corresponding period in 2006 .,positive
Okmetic expects its net sales for the first half of 2009 to be less than in 2008 .,negative
"Country : , Germany Sector : Construction-Real Estate , Machinery-Engineering Target : Caverion GmbH Buyer : YIT Oyj Deal size in USD : 90.3 m Type : Corporate acquisition Status : Agreed",neutral
The government started the sell-off last month  putting an 8 percent stake in TeliaSonera on the auction bloc .,neutral
Cash flow from operations totalled EUR 2.71 mn  compared to a negative EUR 0.83 mn in the corresponding period in 2008 .,positive
ALEXANDRIA  Va.  May 23 -- Matti Harkonen and Pentti Sipponen  both of Espoo  Finland  Osmo Suovaniemi of Helsinki  Finland  and Tapani Tiusanen of Vantaa  Finland  have developed a paper web press device .,neutral
Increase in the number of shares is based on the option rights which were granted to the management of the company under the stock option plan 2006 .,neutral
ABB Deutsche Bank upgraded its recommendation on Swiss-Swedish engineering group ABB Ltd. to ` Buy ' from ` Hold ' .,positive
Finnish fibers and plastic products maker Suominen Corporation said its net loss narrowed to 1.6 mln euro $ 2.0 mln in the first nine months of 2006 from 2.16 mln euro $ 2.7 mln in the same period of 2005 .,positive
Operating profit fell to EUR 35.4 mn from EUR 68.8 mn in 2007  including vessel sales gain of EUR 12.3 mn .,negative
Net profit fell by almost half to +é 5.5 million from +é 9.4 million at the end of 2007 .,negative
M-real 's sales are expected to have increased by 4 % year-on-year to EUR609m in the second quarter of 2010 .,positive
Pretax loss totalled EUR 49.9 mn  compared to a loss of EUR 15.4 mn in the corresponding period in 2008 .,negative
Elcoteq 's Electronics Manufacturing Services ( EMS ) Business Segment serves customers globally in Engineering  Manufacturing and Fulfillment services .,neutral
The order comprises four ball mills  which will be organized in two different streams for treating ore in the Pilanesberg platinum mine .,neutral
Feed companies Suomen Rehu and Raisio do no import GMO feed .,neutral
Operating profits in the half were  0.8 m  down from  0.9 m as Glisten invested in the brand and the management team .,negative
The flagship will open this fall in Manhattan 's Flatiron District in the `` Toy Building  '' at 200 Fifth Avenue .,neutral
Tiimari operates 194 stores in six countries -- including its core Finnish market -- and generated a turnover of 76.5 mln eur in 2005 .,neutral
The proposal of the shareholders to elect Mr. Hannu Krogerus to the Board is based on his long and unrivalled experience and knowledge of all matters related to Elcoteq .,neutral
ALEXANDRIA  Va.  May 16 -- Kenneth Bower of Vista  Calif.  has developed an ornamental design for a handset  the U.S. Patent & Trademark Office announced .,neutral
Operating profit fell to EUR 20.3 mn from EUR 74.2 mn in the second quarter of 2008 .,negative
Nordea 's chairman of the board Hans Dalborg has informed the nomination committee that he will not be up for re-election at the Annual General Meeting in 2011 .,neutral
3 February 2011 - Finnish broadband data communication systems provider Teleste Oyj HEL : TLT1V said yesterday its net profit rocketed to EUR4 .8 m in 2010 from EUR416 000 in 2009 and it lifted its dividend proposal .,positive
A. Le Coq Special was developed for the bicentenary of the company and the trade mark  the brewer said .,neutral
25 March 2011 - Finnish electronics contract manufacturer Scanfil Oyj HEL : SCF1V said today its plan to merge wholly owned Scanfil EMS Group with Ojala-Yhtyma Oy has hit a snag as shareholders of the domestic rival rejected the deal .,negative
BM4 middle layer headbox will be equipped with a dilution control system .,neutral
Changes to the as-built models from the design were communicated to the subcontractors to accommodate them into the steel and GRC glass reinforced concrete fabrication process .,neutral
The total value of the deliveries is some EUR65m .,neutral
Capacity of the facility made by Finland 's Vaahto Group is 86000 tons of light coated paper .,neutral
Sales fell abroad but increased in Finland .,neutral
Following the divestment  Fiskars 's Outdoor unit will comprise the brands Gerber  Silva and Buster  and will focus on multi-tools  knives  compasses  mobile lighting  pedometers  and aluminium boats .,neutral
The contract includes design  construction  delivery of equipment  installation and commissioning .,neutral
At first  Solteq 's services to companies operating in the St. Petersburg area will include maintenance and material management systems and data collection solutions .,neutral
The company is also seeking possibilities to relocate the Luumaki personnel  some 50 people  to other UPM mills .,neutral
No financial details were available .,neutral
The extracted filtrates are very high in clarity while the dried filter cakes meet required transport moisture limits (TMLs)for their ore grades .,neutral
The acquired business main asset is a mobile authentication and signing solution  branded as Tectia MobileID  which provides authentication to web e-mail  SSL-VPN  MS SharePoint  Tectia Secure Solutions and other applications and resources .,neutral
In the first quarter of 2010  the mark-to-market result was a pretax profit of EUR 133 million versus a loss of EUR 32 million in the same period last year .,positive
Pretax loss totaled EUR 117mn compared to a loss of EUR 65mn in the corresponding period .,negative
Earnings per share EPS in 2005 decreased to EUR0 .66 from EUR1 .15 in 2004 .,negative
In the third quarter  net sales increased by 12 % year-on-year to EUR 159.5 million  or by 6 % at comparable currency rates growth .,positive
The company serves customers in various industries  including process and resources  industrial machinery  architecture  building  construction  electrical  transportation  electronics  chemical  petrochemical  energy  and information technology  as well as catering and households .,neutral
`` With this agreement  we can continue our good cooperationand at the same time release capital that has been tied up in ourmachinery operation .,positive
The insurer anticipates its share in Nordea 's net profit to be significant .,positive
Before Kemira 's installation NordAlu was producing 3500 tons of liquid and solid aluminum waste per year .,neutral
`` Lining stone sales were also good in the early autumn  and order books are strong to the end of the year .,positive
Xerox and Stora Enso have teamed up to tailor the iGen3 to the short-run  on-demand packaging market .,positive
On Dec. 1  Grimaldi acquired 1.5 million shares and a 50.1-percent stake in Finnlines .,neutral
Financial details were n't disclosed .,neutral
Managing Director Kari Inkinen says that Sponda 's leasing operations developed highly favourably .,positive
We also strengthen our existing partnership with Cybercom ''  says Teleste CTO Esko Myllyla .,positive
Electricity consumption grows with higher frequencies .,neutral
It is a disappointment to see the plan folded .,negative
Her present position is the director of Stockmann 's international department stores .,neutral
Below are consolidated  unaudited results for Amanda Capital under IFRS reporting standards .,neutral
Food sales totalled EUR 323.5 mn in October 2009  representing a decrease of 5.5 % from October 2008 .,negative
Poyry 's contract includes engineering management  civil and detail engineering services  and time scheduling and procurement services .,neutral
The OMX Helsinki index was down 0.34 pct at 8256.02 on turnover of 813.191 mln eur .,negative
The company is now withdrawing the second part  EUR 7.2 mn  of the investment commitment .,neutral
It is a member of the OneWorld alliance  which includes American Airlines and British Airways .,neutral
According to Viking Line 's Managing Director  Nils-Erik Eklund  the company 's Board of Directors is very satisfied with Viking Line 's performance .,positive
Outotec 's scope of delivery covers the engineering  supply of special equipment and services for a calcination plant with two circulating fluid bed calciners .,neutral
CS Cabot exports 55 % of its production mainly to Goodyear  Bridgestone and Michelin plants in Poland  as well as to Germany 's Michelin or Italy 's Pirelli through the company 's logistics center in Paris  Stefan said .,neutral
The total project duration is three years and it is valued at some EUR11 .5 m.,neutral
E 's building system service had revenue of EUR 355 mln in 2007 .,neutral
EPS for the quarter came in at 0.36 eur  up from 0.33 eur a year ago and ahead of forecast of 0.33 eur .,positive
The acquisition of Kaupthing Sverige will bring a significant positive non-recurring addition to the group 's performance .,positive
`` The transaction strengthens our position ... in design and branded goods  '' said Fiskars president and CEO Heikki Allonen  pointing out that the two groups have relatively few overlapping operations .,positive
Vianor sells tires for cars and trucks as well as a range of other car parts and provides maintenance services .,neutral
Below are unaudited consolidated results for Aspocomp Group under IFRS reporting standards .,neutral
The unit is planned to be operational during the second half of 2007 and in full stream in 2008 .,neutral
The front surfaces of these valve plates are directed towards each other .,neutral
`` These developments partly reflect the government 's higher activity in the field of dividend policy . '',neutral
In Q1 of 2009  Bank of +àland 's net interest income weakened by 10 % to EUR 9.1 mn .,negative
This corresponds to 6.81 percent of Okmetic 's share capital and voting rights .,neutral
The group 's 12-month operating profit grew 31 percent to 337.8 million euros .,positive
Technical indicators for the stock are bullish and S&P gives NOK a positive 4 STARS out of 5 buy ranking .,positive
Relations with the City have been further damaged by comments from Mr Ashley criticising City investors and analysts as `` cry babies '' .,negative
The groups 's turnover for the full fiscal year is expected to show a slight increase from the previous fiscal year .,positive
With the U.S. Federal Government putting a stake in the ground  vendors - and their customers - are focused on meeting the deadline .,neutral
In the reporting period  net sales rose by 8 % year-on-year to EUR64 .3 m  due to the business acquisitions realized during the first half of 2008-09  the effect of which was EUR10 .9 m in the review period .,positive
The stock rose for a third day on Tuesday bringing its three-day rise to GBX10 .50 or 1.8 % .,positive
The prerequisite for inclusion in the program and for receipt of any gains is that key employees acquire Aspo shares to the amount determined by the Board in advance  in the maximum .,neutral
In January-September 2007  operating profit totaled EUR 20.5 mn .,neutral
`` Marimekko operates in an industry in which changes in the business climate are reflected in consumer demand .,neutral
The deal also includes a ten-year maintenance agreement .,neutral
The Finnish investment company Sponda is conducting negotiations to acquire the business center Dukat Palace-2 located in the center of Moscow  from London & Regional Properties .,neutral
`` We are very pleased to be working with Fujitsu and NTT DoCoMo to advance the progress of LTE  '' said Juergen Walter  Head of Converged Core  Nokia Siemens Networks .,positive
Exel is headquartered in Mantyharju in Finland .,neutral
Ahlstrom 's 5800 employees serve customers via sales offices and production facilities in more than 20 countries on six continents .,neutral
Of the company 's net sales  38 % was acquired in Finland  21 % in other European countries  40 % in Asia  and 1 % in the US .,neutral
Part of the reductions will be made through retirement arrangements .,neutral
EQT has completed its exit from Salcomp  a Finnish company that makes mobile phone chargers  by selling its remaining stake to Swedish investment group Nordstjernan for about ( EURO ) 35 million ( $ 47 million ) .,neutral
According to Finnish Aktia Bank 's Managing Director Jussi Laitinen  the bank 's aim is to triple the number of its customers in Finland in the next five years .,positive
Elsewhere  the tendency is towards more developed packaging than before .,neutral
Finnish glass technology company Glaston Oyj Abp net profit decreased to 2.6 mln euro ( $ 3.8 mln ) for the first nine months of 2007 from 7.8 mln euro ( $ 11.4 mln ) for the same period of 2006 .,negative
In the Baltic countries  sales fell by 42.6 % .,negative
A maximum of 20 employees  who work in Karttakeskus and are responsible for producing Geographic Information Services  will be affected  the company added .,neutral
Under the agreement Benefon 's forthcoming range of TWIG integrated GPS navigation and mobile phone devices will use the jointly developed web-based tracking and location technology  in both consumer and commercial applications .,neutral
Finnish operator Elisa and Aker Yards have signed a long-term service deal through which Elisa will deliver all necessary voice and data services for Aker Yards in Finland .,positive
The transaction is expected to be completed next spring .,neutral
Pharmaceuticals - Netherlands This brand-new market analysis gives a clear overview of the actual situation and future outlook of the pharmaceutical market in Netherlands .,neutral
The concept enables a commercially affordable way to manufacture high-quality TCO coated glass for the solar industry .,positive
The major part of the deliveries include different AC and CXE amplifier solutions and products by Belgian DINH Telecom  a broadband solutions company acquired by Teleste in the spring of 2007 .,neutral
In volume  the focus is already outside Finland  as 60 % of the group 's products are made in Poland and the Baltic countries .,neutral
Okmetic has used the furnaces for the contract manufacturing of solar crystals .,neutral
In Sweden  operating profit for the period under review totaled EUR 3.4 mn  up 30.8 % from the corresponding period in 2005 .,positive
The company will be part of Teleste 's Video and Broadband Solutions business area .,neutral
Operating profit  excluding non-recurring items  totaled EUR 0.2 mn  down from EUR 0.8 mn in the corresponding period in 2006 .,negative
The order also covers design services  hardware  software licences  as well as maintenance services over six years .,neutral
The event can also be viewed as a live webcast at www.cargotec.com .,neutral
The contract value amounts to about EUR11m  the company added .,neutral
Because the application can be considered as a hacking application  it is classified by F-Secure as riskware .,neutral
Operating profit improved by 16.7 % to EUR 7.7 mn .,positive
Incap Contract Manufacturing Services Private Limited has inked agreements with six new customers in India .,positive
The continued operations mean the structure after the restructuring of the Aspocomp group including Aspocomp Oulu and the headquarter operations .,neutral
Operating profit for the nine-month period increased from EUR13 .6 m  while net sales increased from EUR394 .7 m  as compared to the corresponding period in 2005 .,positive
Technopolis has approximately 130 customer companies in Jyvaskyla .,neutral
17 March 2011 - Goldman Sachs estimates that there are negative prospects for the Norwegian mobile operations of Norway 's Telenor ASA OSL : TEL and Sweden 's TeliaSonera AB STO : TLSN in the short term .,negative
Seventy-three of those also have more extensive training in products built on the latest ArchestrA technologies  such as the Wonderware System Platform .,neutral
Last year SysOpen Digia invested in IBM product know-how in the building of portal and trading place systems and successfully implemented customer solutions supported by it .,positive
Raute  headquartered in Nastola  Finland  is a technology company serving the wood products industry worldwide .,neutral
Besides  Pit-Produkt will enter the new segments .,neutral
The corresponding increase in the share capital  in total EUR 30000 was registered in the Finnish Trade Register on May 8  2008 .,neutral
On preliminary estimate  the hotel will operate under the brand Novotel .,neutral
Finnish financial group Aktia reports operating profit of EUR 44.4 mn in January-September 2009  up from EUR 37.3 mn in the corresponding period in 2008 .,positive
Analysts surveyed by Thomson Financial expected revenue of $ 69 million for the quarter .,neutral
The financial statements release will be available after publishing on the Company 's internet pages at www.cargotec.com .,neutral
The credit covers approximately 70 % of the ship 's price .,neutral
This is the company 's first contract abroad .,neutral
The company then said it will focus its resources on clinical research .,neutral
The desk will reach its full planned strength of ten persons in autumn 2007 .,neutral
The transaction is expected to be finalized by Dec 2009 .,neutral
On the following workday customers can check from their home computers how their purchases are divided between different ingredient groups  how much energy various products contain and what is the nutritional content of all purchases .,neutral
( ADP News ) - Nov 5  2008 - Finnish electronic measurement products and solutions maker Vaisala Oyj ( OMX : VAIAS ) said today that its net profit rose to EUR 18 million ( USD 23.1 m ) for the first nine months of 2008 from EUR 1,positive
No financial detail were available .,neutral
Underground parking facilities will also be built on the basement floor .,neutral
The company 's annual loss amounted to EEK 18mn  compared to a profit of EEK 7.3 mn in 2008 .,negative
For 2009  net profit was EUR3m and the company paid a dividend of EUR1 .30 apiece .,neutral
Finnish KCI Konecranes has raised its net sales growth estimate for 2006 from over 25 % to over 35 % .,positive
Olvi has posted a strong set of figures for the first six months of this year .,positive
A total of 1800000 stock options were issued in the 2003 stock option scheme .,neutral
Thus  SysOpen Digia has  in accordance with Chapter 14 Section 21 of the Finnish Companies Act 29.9.1978 - 734  obtained title to all the shares of Sentera that are to be redeemed .,neutral
Rory Fitzgerald  general manager  operations  Bristol Port  said : `` With the use of low maintenance technology we can save up to 30 per cent on servicing  plus the load sensing hydraulics can save us an extra 15 to 30 per cent on fuel consumption . '',positive
The company 's net profit amounted to EE 55.5 mn  which was 36 % more than in 2004 .,positive
"The Company operates through four principal divisions : Consumer Packaging , Office Papers , Speciality Papers  as well as Market Pulp and Energy .",neutral
The company may at any time have in its possession one tenth of all its shares at the maximum .,neutral
The Vuokatti unit will be developed to focus especially on the manufacture of prototypes  the ramp-up of new products and the demanding testing and after-sales services .,neutral
Finnish Bank of +àland reports operating profit of EUR 2.2 mn in the first quarter of 2010  down from EUR 6.3 mn in the corresponding period in 2009 .,negative
The latest result included per-share charges of 5 cents for stock compensation  1 cent for research and development and 1 cent for strategic investments .,neutral
Last month  Outokumpu sold more than 80 percent of its technology unit  Outokumpu Technology Oyj  to further its strategic goal of becoming the world 's largest stainless steel maker .,positive
HUHTAMAKI OYJ STOCK EXCHANGE RELEASE 16.12.2008 AT 09:30 Huhtamaki Oyj has resolved to clarify the Group structure by separating the Foodservice and Consumer Goods businesses in its production unit in Hameenlinna  Finland by transferring the businesses into its wholly owned subsidiaries .,neutral
However  sales returned to growth in April-June 2010  CEO Pekka Eloholma said .,positive
Metsa-Botnia will sell 82.1 % of its stake in the Uruguayan companies and Metsaliitto -- 5.5 % .,neutral
Recently the company decided to build a second identical plant at the same site due to be commissioned toward the end of 2008 .,neutral
We know that it exists  '' Artemyev said .,neutral
The Department Store Division reported an increase in sales of 4 per cent .,positive
The Swedish subsidiary holds 1.0 % net smelter return `` NSR '' royalties over two advanced copper projects in northern Sweden - the Viscaria and Adak Projects - being developed by Avalon Minerals Ltd. ASX : AVI .,neutral
The combination of all services enabling us to offer a complex and strengthened service chain not only limited to the Baltic port connections but also for getting access to the world wide Grimaldi Network into the Mediterranean  Africa and North America `` says Uwe Bakosch .,positive
At 1.33 pm  the OMX Helsinki 25 was 0.30 pct lower at 2463.67 and the OMX Helsinki was down 0.37 pct at 8537.42 on volume of 256 mln eur .,negative
OTHER  North-Rhine Westphalia - Is to issue a benchmark  5 year fixed rate deal in Euros .,neutral
No more waste-burning facilities should be built .,neutral
GUANGDONG  October 26  SinoCast -- Nokia Telecommunications Dongguan branch entered into a letter of intent to open a Nokia Class in Qingyuan Polytechnic  Qingyuan City of Guangdong Province .,neutral
The 2500-passenger ferry will have dimensions of 185 m length overall  170 m length between perpendiculars  27.70 m breadth and 6.55 m design draught .,neutral
The copying  republication or redistribution of AFX News Content  inculding by framing or similar means  is expressly prohibited without the prior written consent of AFX News .,neutral
Finnish beverage company Olvi is one of the last listed companies in Finland that has not yet published its financial result for the second quarter of 2009 .,neutral
`` The second quarter of 2010 was the firstquarter with growth in net sales since the third quarter of2008  '' said Magnus Rosen  Ramirent CEO .,positive
COMPTEL CORPORATION Sami Ervio President and CEO Distribution : NASDAQ OMX Helsinki Major media Comptel Dynamic OSS solutions enable telecom service providers to deliver services flexibly and charge them effectively .,neutral
Kemira shares closed at (  x20ac ) 16.66 ( $ 22US .71 ) .,neutral
The recruits who have completed the K-retailer trainee program are qualified to start a career as independent retailers in K-stores .,neutral
Stockmann and Swedish sector company AB Lindex entered into an agreement on September 30  2007  whereby Stockmann  or a wholly-owned subsidiary of it  will make a public tender offer for all of Lindex 's issued shares .,positive
When dialing in  the participants should quote 877417 as conference ID .,neutral
No financial or pricing details were disclosed .,neutral
The equipment will be made at Vaahto 's plant in Hollola in Finland  and delivery is scheduled for the first quarter of 2009 .,neutral
29 September  2010 Finnish waste management and recycling company Lassila & Tikanoja expands its operations in Russia by introducing its recently completed recycling plant in the city of Dubna near Moscow .,positive
Diluted earnings per share ( EPS ) rose to EUR 3.68 from EUR 0.50 .,positive
The Finnish paints company acquired the remaining 49 pct that it did not own from Ukraine 's LGU for an undisclosed sum .,neutral
Ponsse projects the forest machine markets to improve more than expected in 2010 from the previous year .,positive
In the fourth quarter of 2008  net sales decreased to EUR 121.4 mn from EUR 165.5 mn in the fourth quarter of 2007 .,negative
It projected revenue of $ 2.2 billion to $ 2.3 billion  slightly higher than analyst estimates of $ 2.19 billion .,positive
The agreement includes the entire process of managing Mercator 's supply chain in all regions where the company is currently present .,neutral
Ruukki Romania  the local arm of Finnish metal producer Ruukki  increased its capital by 900000 euro ( $ 1.14 mln ) through cash contribution  it was reported on September 19  2006 .,positive
No price was given for the transaction  which merges two London companies that have worked together on a number of projects including delivery of timetables for Britain 's National Express East Coast rail networks .,neutral
Nordea will coordinate the syndicated loan .,neutral
The fixed-term contract of Mr. Jarmo Ukonaho  the current General Manager of Incap 's Indian operations  will finish by the end of the year .,neutral
Established in 1989  CapMan manages Nordic buyout  mezzanine  technology  life science and real estate funds with approximately EURO 3 billion $ 4 billion in total capital .,neutral
OVA Press has a 60 % stake in the joint venture  while IMSM holds a 40 % stake .,neutral
As part of the agreement  Aspocomp will also give Meadville a 10 pct slice of a subsidiary operating in Oulu  Finland .,neutral
Cash Flow from Operations for the most recent quarter also reached a eight year low .,negative
The cooperation will involve Arena Partners buying a 35 % share of the new joint venture company  operating in Alma Media 's home sales  vehicle and consumer advertising marketplace businesses .,neutral
From Merisatama to the far corners of the world Asfaltti Osakeyhti+Â Lemmink+ñinen was established in 1910 by a group of master builders in Helsinki as a specialist business and subcontractor .,neutral
The Tecnomen Convergent Charging solution includes functionality for prepaid and post-paid billing  charging and rating of voice calls  video calls  raw data traffic and any type of content services in both mobile and fixed networks .,neutral
I can say categorically  no  ' Wahlroos was quoted as saying by the paper  when asked about Sampo 's interest in making a bid for RSA .,neutral
U.S.-based T Corp. is in talks with Scandinavian telecoms company TeliaSonera to sell its stake in Uzbek cellular operator Coscom  an executive at Coscom told Interfax .,neutral
Finland 's Poyry Energy has won a contract to advise builders of a new cogeneration power plant in Lithuania 's second-biggest city of Kaunas and to supervise the construction process .,positive
Sales of mid-strength beer decreased by 40 % .,negative
Finnish metal products company Componenta Oyj net profit rose to 26.1 mln euro ( $ 35.9 mln ) for the first quarter of 2007 from 5.3 mln euro ( $ 7.3 mln ) for the same period of 2006 .,positive
In January-September 2009  the Group 's net interest income increased to EUR 112.4 mn from EUR 74.3 mn in January-September 2008 .,positive
This implementation is very important to the operator  since it is about to launch its Fixed-to-Mobile convergence service in Brazil see Brazil : 8 May 2006 : .,neutral
Svyturys-Utenos Alus  which is controlled by the Nordic group Baltic Beverages Holding ( BBH )  posted a 4.7-per-cent growth in beer sales for January-May to 46.22 million litres .,positive
Tiimari Latvian representative Ineta Zaharova said that the company earned LVL 122000 in 2005 profit  which is 20 times more that in 2004 .,positive
Device volume in the area decreased by 21 % to 2.7 mn units .,negative
Repeats sees 2008 operating profit down y-y ( Reporting by Helsinki Newsroom ) Keywords : TECNOMEN-RESULTS,negative
Cargotec Corporation  Press Release  August 26  2008 at 10 a.m. Finnish time Cargotec 's MacGREGOR business area providing marine cargo handling and offshore load handling solutions has received significant offshore crane retrofit order .,positive
Also  a seven-year historic analysis is provided for these markets .,neutral
It is being developed by Symbian  the software licensing consortium led by Nokia .,neutral
The Group 's order portfolio decreased from EUR 42.9 mn in 9-2007 to EUR 33.3 mn in 2-2008 .,negative
Finnish cutlery and hand tools maker Fiskars Oyj Abp ( HEL : FISAS ) said today its net profit rose to EUR 24.1 million ( USD 33.6 m ) in the third quarter of 2010 from EUR 17.9 million a year earlier .,positive
Currently Alfred A Palmberg is putting the finishing touches to one of Finland 's biggest ever re-plumbing and bathroom refurbishment projects also in the district of Vuosaari .,neutral
Some 3.8 mln euro ( $ 5.2 mln ) of the base acquisition price will be paid in cash and the rest through a subscription offering of a total of 850000 new Ixonos shares .,neutral
The utility will also provide services related to electricity management  such as hedging trades and risk management and reporting .,neutral
ISMS does not disclose its financial results  the daily said .,neutral
Forestries were also higher  driven by yesterday 's bullish analyst comment on Stora Enso in Dagens Industri  dealers said .,positive
The sales price was not disclosed .,neutral
Eriikka S+Âderstr+Âm has previously held several positions in finance and control at Nokia Networks including acting as the Business Group Controller and having the corporate controller position at Nokia Siemens Networks .,neutral
This wood lacquered clock comes with a stripy hand-crocheted cover .,neutral
Yara Suomi Ltd also provides nitrogen chemicals and technical nitrates to various sectors of industry  as well as products used in environmental protection .,neutral
According to HK Ruokatalo  almost all the meat used by the company comes from Finland .,neutral
Elcoteq Dongguan was established in 1999 in the Nancheng District of Dongguan  China and is one of Elcoteq s four volume manufacturing plants in the Asia-Pacific region .,neutral
Operating loss before non-recurring items was EUR 0.9 mn  compared to a profit of EUR 11.5 mn in 2008 .,negative
Finnish retailer Stockmann has won approval from the board of Swedish rival Lindex for a public tender offer with the aim of expanding the companies ' presence in Russia and other CEE countries  Stockmann said Monday .,positive
The announced restructuring will significantly decrease the Company 's indebtedness .,positive
Fiskars  a 360-year-old global business best known for its orange-handled scissors  expects to derive synergies of EUR5 million a year by consolidating certain parts of the housewares division where the two compete .,positive
Profit before taxes was EUR 5.4 mn  up from EUR 3.6 mn a year earlier .,positive
Sales in Finland decreased by 10.5 % in January  while sales outside Finland dropped by 17 % .,negative
Financial details were not disclosed .,neutral
According to the original merger plan  Scanfil would get a 79 % stake in the combined business .,neutral
"Aldata to Share Space Optimization Vision at Apollo User Group and 2009 Category Management Association Conferences , Company Will Unveil New Solution that Combines Business Intelligence with Space Planning Data at Conferences",neutral
The new plant is planned to have an electricity generation capacity of up to 350 megawatts ( MW ) and the same heat generation capacity .,neutral
Cash flow from operations in January-December 2008 was a negative EUR 18.1 mn compared to EUR 39.0 mn in the corresponding period in 2007 .,negative
Measures will be launched immediately and are due to be finalized in the first quarter of 2010 .,neutral
( ADP News ) - Sep 30  2008 - Finnish security and privacy software solutions developer Stonesoft Oyj said today that it won a USD 1.9 million ( EUR 1.3 m ) order to deliver its StoneGate network security products to an unnamed Russian te,positive
Risto Jalo  chief executive of Dormus Print and also owner of the remainder of the company  will keep his position after the acquisition .,neutral
Mr Jortikka is president of the base metal division of Outotec Oyj in Finland and is on the executive committee of Outotec .,neutral
Mr. Mikko Saavalainen  head of Comptel 's Global Sales concludes : `` Gibtelecom provides a perfect illustration of the variety of business  technical and regulatory challenges operators are facing in their OSS today .,neutral
Finnish GeoSentric 's net sales decreased to EUR 939000 in January-March 2009 .,negative
The robust growth was the result of the inclusion of clothing chain Lindex in the Group in December 2007 .,positive
It is also 7.7 pct above the 12-month volume weighted average price of the stock .,positive
Turnover surged to EUR61 .8 m from EUR47 .6 m due to increasing service demand  especially in the third quarter  and the overall growth of its business .,positive
The Finnish national carrier said net loss in April through June was euro26 million  down from a net profit of euro13 million a year earlier .,negative
Loss after financial items totalled EUR 9.7 mn  compared to a profit of EUR 1.3 mn in the corresponding period in 2008 .,negative
In the Baltic countries  Atria 's target is organic growth .,neutral
During the past 10 years the factory has produced many of Nokia 's most popular models including the Nokia 2760  the Nokia 6300 as well as Nokia 's latest music device the Nokia 5800 Express Music .,neutral
Reported operating margin was a negative 5.9 % .,negative
Jensen  Njastein and Mike Critch  the head of Dovre North America business unit  will report to Toivola .,neutral
The new majority owners of Aspocomp Thailand Co.  Ltd are certain private persons belonging to immediate circle of Aspocomp 's present Joint Venture partner  Saha Pathana Inter-Holding Plc. .,neutral
Amer  which bought Salomon from adidas in October  said the job cuts are aimed at boosting competitiveness .,neutral
Short-term licenses for the games cost as little as $ 3 while purchasing a game outright can cost as much as $ 10 or $ 15 .,neutral
The situation of coated magazine printing paper will continue to be weak .,negative
Glaston 's share GLA1V is listed on the NASDAQ OMX Helsinki  Mid Cap List .,neutral
"CDP was established on the initiative of institutional investors , however  the annually published results also interest an increasing number of customers and other interest groups of the reporting companies .",neutral
Operating profit decreased to EUR 11.2 mn from EUR 16.6 mn .,negative
The plant is expected to enter commercial operation by mid-2009 .,neutral
Master of Mayawas jointly developed by Nokia Siemens Networks and UFA - FremantleMedia  and will be actively advertised by Maxis in the end of May 2007 .,neutral
Neste Oil will publish its third quarter 2008 results on Friday  24 October 2008 at approximately 9 am ( EET ) .,neutral
Thus the group 's balance sheet will have about EUR 25.8 million of goodwill  the company added .,neutral
With five different game modes  co-op tournaments  4 player split-screen and multiplayer modes  players can have as much fun as they would if they were actually fishing .,neutral
As such  the space has blond wood floors ( unlike the rest of the store ) and a notably Scandinavian vibe .,neutral
Finnish technology company Raute Corporation ( OMX Helsinki : RUTAV ) issued on Tuesday ( 23 September ) a profit warning for the financial year 2008 .,negative
no compensation for its news  opinions or distributions .,neutral
The reason for this is St. Petersburg status as a capital  one of the participants in the meeting quoted Chikunov as saying .,neutral
In the building and home improvement trade  sales decreased by 22.5 % to EUR 201.4 mn .,negative
: Lietuvos Respublikos sveikatos apsaugos ministerija has awarded contract to UAB `` AFFECTO LIETUVA '' for financial systems software package .,positive
According to Atria 's President and CEO Matti Tikkakoski  the company 's Swedish operations significantly improved in the first quarter .,positive
Finnish Honkarakenne that specialises in the building of log houses is planning to use pine from Russian Karelia .,neutral
VNH generates annual net sales of about 5 mln eur and employs 21 people .,neutral
Cencorp estimates that its net sales in the last quarter will be as earlier stated  EUR4 .3 m to EUR5 .0 m  and operating profit (EBIT)is estimated to be positive .,positive
Symphony Services provides development services for Aldata GOLD .,neutral
A 2001 agreement expired earlier this month .,neutral
Simultaneously  his responsibility area is extended from legal affairs to cover also mergers and acquisitions .,neutral
UPM-Kymmene said its has ` not indicated any interest in any domestic consolidations ' .,neutral
For Q2 2010  consolidated earnings before tax totaled EUR4 .5 m  compared to EUR3 .9 m  and net profit was EUR3 .2 m  compared to EUR2 .9 m in the previous year .,positive
Operating profit was EUR 11.4 mn  up from EUR 7.5 mn .,positive
The redesigned crushing circuit has been in operation since the start of September and its overall production rate on a weekly basis is in excess of an average of 40000 tonnes a day .,neutral
Following the acquisitions  Panostaja will establish a new business unit which will focus on heat treatment of metals .,neutral
EBIT excluding non-recurring items  totalled EUR 67.8 mn  up from EUR 38.1 mn .,positive
`` We have tailored our solutions to meet Solel 's technical requirements  and the result is both cost-effective manufacturing and highest-quality reflectors . '',positive
Raisio is the site of the main production plants as well as company headquarters .,neutral
In addition  Cramo and Peab have signed exclusive five-year rental agreements in Finland and have extended their existing rental agreements in the Swedish market for another five years .,positive
As capacity was cut with 1.4 %  the passenger load factor was down 7.8 percentage points .,negative
However  the bottom-line result improved thanks to positive financial items .,positive
Net profit in the same period in 2006 was 36.6 million euros .,neutral
ITG 's share in the deal is estimated at some 500000 euro $ 627000 .,neutral
The start of the negotiations  relating to Glaston 's efficiency program  was announced in October .,neutral
LKAB  headquartered in Lulea  Sweden  is a high-tech mining company producing upgraded iron ore products for the steel industry .,neutral
Each share is entitled to one vote .,neutral
Both operating profit and turnover for the six-month period increased  respectively from EUR0 .1 m and EUR29 .0 m  as compared to the corresponding period a year ago .,positive
Why put up costly cell phone towers in thinly populated areas when a few balloons would do ?,neutral
We are very pleased with the fine co-operation between the two countries in recent times  he said .,positive
Revenue grew 12 percent to (  x20ac ) 3.6 billion ( US$ 4.5 billion ) .,positive
Kaupthing Bank will publish its annual results for 2007 before markets open on Thursday 31 January .,neutral
Revenue from July to September grew 21 percent to EURO 2.3 billion  the Finnish company said Thursday .,positive
OP-Pohjola Group 's capital adequacy ratio under the Act on Credit Institutions stood at 12.1 % and Tier 1 ratio at 12.1 % .,neutral
No financial details were revealed .,neutral
The major breweries increased their domestic beer sales by 4.5 per cent last year  to 256.88 million litres from 245.92 million litres in 2004 .,positive
Net interest income was EUR 39.3 mn  up from EUR 32.7 mn .,positive
The product range includes marinated olives  cold cuts  and pates  for example .,neutral
The Kyroskoski investment is to be completed in late 2011 and the +ä+ñnekoski investment in the spring of 2012 .,neutral
BioTie North-American licensing partner Somaxon Pharmaceuticals started a phase II-III clinical study in patients suffering from pathological gambling and a pilot phase II study in nicotine addiction smoking cessation .,neutral
The company 's board of directors will propose a dividend of EUR 0.14 for 2008 at the annual general meeting .,neutral
Combining this deep domain expertise with our Application Service Management ASM and outsourcing service offerings has now proved to be a winning combination .,positive
On the route between Helsinki in Finland and Tallinn in Estonia  cargo volumes increased by 36 %  while cargo volumes between Finland and Sweden fell by 9 % .,neutral